name,iterations,real_time,cpu_time,time_unit,bytes_per_second,items_per_second,label,error_occurred,error_message,"DTLB-misses","ITLB-misses","L1D-misses","L1I-misses","LLC-misses","avg_size","bits","branch-misses","cycles","duration","failures","instructions","retries","size","task-clock"
"VQF_Nonpart_Scalar_8/Construct/100/10/1/1000000/100000000/10/iterations:5/manual_time",5,19.2206,10.2923,ms,,,,,,10567.1,1375.08,7.09421e+06,134439,43423.4,999984,7.99987,1.43332e+06,6.24017e+08,19.2206,0,2.9429e+08,0,999984,1.74292e+08
"VQF_Nonpart_Scalar_8/Construct/112/10/1/1000000/100000000/10/iterations:5/manual_time",5,17.537,0.666586,ms,,,,,,11004.6,1252.9,6.54998e+06,116099,18408.8,1.11998e+06,8.95987,1.29185e+06,5.85962e+08,17.537,0,2.34027e+08,0,1.11998e+06,1.63894e+08
"VQF_Nonpart_Scalar_8/Construct/125/10/1/1000000/100000000/10/iterations:5/manual_time",5,16.5811,0.744241,ms,,,,,,11501.6,1159.44,5.71956e+06,112680,18963.1,1.24997e+06,9.99974,1.26618e+06,5.19345e+08,16.5811,0,1.78955e+08,0,1.24997e+06,1.54007e+08
"VQF_Nonpart_Scalar_8/Construct/137/10/1/1000000/100000000/10/iterations:5/manual_time",5,15.8804,0.746071,ms,,,,,,13292.2,1004.67,5.22948e+06,110115,22681.5,1.36997e+06,10.9597,1.17618e+06,5.03822e+08,15.8804,0,1.49516e+08,0,1.36997e+06,1.45725e+08
"VQF_Nonpart_Scalar_8/Construct/150/10/1/1000000/100000000/10/iterations:5/manual_time",5,15.3192,0.781626,ms,,,,,,14243,946.439,5.63733e+06,111730,23716.6,1.5e+06,12,-nan,4.27875e+08,15.3192,0,1.67026e+08,0,1.5e+06,1.42428e+08
"VQF_Nonpart_Scalar_8/Construct/162/10/1/1000000/100000000/10/iterations:5/manual_time",5,15.6975,0.84746,ms,,,,,,16580.2,929.997,5.74113e+06,131532,31918.3,1.62e+06,12.96,823646,3.46295e+08,15.6975,0,1.68673e+08,0,1.62e+06,1.39501e+08
"VQF_Nonpart_Scalar_8/Construct/175/10/1/1000000/100000000/10/iterations:5/manual_time",5,15.9388,0.865177,ms,,,,,,17067.2,870.135,5.9076e+06,127720,34571.9,1.74998e+06,13.9999,-nan,2.77334e+08,15.9388,0,1.80012e+08,0,1.74998e+06,1.38857e+08
"VQF_Nonpart_Scalar_8/Construct/187/10/1/1000000/100000000/10/iterations:5/manual_time",5,15.3741,0.935488,ms,,,,,,19514,911.578,5.66416e+06,117089,39630.3,1.86998e+06,14.9599,-nan,3.60819e+08,15.3741,0,1.62313e+08,0,1.86998e+06,1.40181e+08
"VQF_Nonpart_Scalar_8/Construct/200/10/1/1000000/100000000/10/iterations:5/manual_time",5,15.2863,0.96394,ms,,,,,,25290,859.978,5.94769e+06,128701,43969.7,1.99997e+06,15.9997,-nan,3.38013e+08,15.2863,0,1.76307e+08,0,1.99997e+06,1.39477e+08
"VQF_Nonpart_Scalar_8/Construct/212/10/1/1000000/100000000/10/iterations:5/manual_time",5,15.1439,1.01909,ms,,,,,,25610.2,828.216,5.74114e+06,110987,42365.8,2.11997e+06,16.9597,-nan,3.80323e+08,15.1439,0,1.65933e+08,0,2.11997e+06,1.39956e+08
"VQF_Nonpart_Scalar_8/Construct/225/10/1/1000000/100000000/10/iterations:5/manual_time",5,15.3377,1.04686,ms,,,,,,33854.8,738.111,5.90916e+06,133792,48936.1,2.25e+06,18,-nan,3.50726e+08,15.3377,0,1.74766e+08,0,2.25e+06,1.38842e+08
"VQF_Nonpart_Scalar_8/Construct/237/10/1/1000000/100000000/10/iterations:5/manual_time",5,15.7028,1.1004,ms,,,,,,63710.6,870.356,6.18313e+06,144933,54799.1,2.37e+06,18.96,-nan,2.02766e+08,15.7028,0,1.8754e+08,0,2.37e+06,1.38817e+08
"VQF_Nonpart_Scalar_8/Construct/250/10/1/1000000/100000000/10/iterations:5/manual_time",5,16.486,1.10415,ms,,,,,,103983,852.202,5.70054e+06,128848,60633.1,2.49998e+06,19.9999,736744,4.21892e+08,16.486,0,1.70576e+08,0,2.49998e+06,1.37204e+08
"VQF_Nonpart_Scalar_8/Construct/262/10/1/1000000/100000000/10/iterations:5/manual_time",5,15.0246,1.12664,ms,,,,,,169269,914.221,5.69256e+06,122167,51698,2.61998e+06,20.9599,-nan,3.76662e+08,15.0246,0,1.61444e+08,0,2.61998e+06,1.38017e+08
"VQF_Nonpart_Scalar_8/Construct/275/10/1/1000000/100000000/10/iterations:5/manual_time",5,16.609,1.16576,ms,,,,,,244389,793.222,6.15786e+06,134192,69610.9,2.74997e+06,21.9997,-nan,2.74545e+08,16.609,0,1.88143e+08,0,2.74997e+06,1.35661e+08
"VQF_Nonpart_Scalar_8/Construct/287/10/1/1000000/100000000/10/iterations:5/manual_time",5,15.1182,1.19508,ms,,,,,,320557,1113.51,5.83678e+06,135573,65676.6,2.86997e+06,22.9597,-nan,2.85567e+08,15.1182,0,1.73787e+08,0,2.86997e+06,1.34707e+08
"VQF_Nonpart_Scalar_8/Construct/300/10/1/1000000/100000000/10/iterations:5/manual_time",5,15.1164,1.21087,ms,,,,,,388754,1004.49,5.31605e+06,118714,68437.1,3e+06,24,-nan,3.875e+08,15.1164,0,1.49956e+08,0,3e+06,1.33862e+08
"VQF_Nonpart_Scalar_8/Construct/312/10/1/1000000/100000000/10/iterations:5/manual_time",5,14.5982,1.22728,ms,,,,,,449192,995.027,5.31511e+06,104748,67407.6,3.12e+06,24.96,-nan,4.01173e+08,14.5982,0,1.47855e+08,0,3.12e+06,1.33659e+08
"VQF_Nonpart_Scalar_8/Construct/325/10/1/1000000/100000000/10/iterations:5/manual_time",5,15.2239,1.30771,ms,,,,,,512226,884.782,5.6228e+06,133075,82329.4,3.24998e+06,25.9999,-nan,3.45497e+08,15.2239,0,1.61595e+08,0,3.24998e+06,1.3226e+08
"VQF_Nonpart_Scalar_16/Construct/100/10/1/1000000/100000000/10/iterations:5/manual_time",5,17.2447,0.877924,ms,,,,,,16672.2,876.094,6.55836e+06,119830,28234.9,1.99998e+06,15.9999,1.31814e+06,5.55237e+08,17.2447,0,1.67783e+08,0,1.99998e+06,1.60132e+08
"VQF_Nonpart_Scalar_16/Construct/106/10/1/1000000/100000000/10/iterations:5/manual_time",5,16.5768,0.90826,ms,,,,,,16820.6,895.913,6.33014e+06,109560,30764.9,2.11999e+06,16.9599,1.24581e+06,5.3623e+08,16.5768,0,1.60381e+08,0,2.11999e+06,1.56731e+08
"VQF_Nonpart_Scalar_16/Construct/112/10/1/1000000/100000000/10/iterations:5/manual_time",5,16.4235,0.919276,ms,,,,,,17552.2,893.813,5.83146e+06,101669,31663.5,2.24e+06,17.92,1.19617e+06,5.00199e+08,16.4235,0,1.39439e+08,0,2.24e+06,1.53202e+08
"VQF_Nonpart_Scalar_16/Construct/118/10/1/1000000/100000000/10/iterations:5/manual_time",5,16.2508,0.954431,ms,,,,,,24847.8,851.747,5.69096e+06,106126,34300.6,2.35995e+06,18.8796,1.17362e+06,4.98887e+08,16.2508,0,1.28268e+08,0,2.35995e+06,1.49186e+08
"VQF_Nonpart_Scalar_16/Construct/125/10/1/1000000/100000000/10/iterations:5/manual_time",5,15.6245,0.99862,ms,,,,,,27498.6,1055.59,6.1817e+06,123973,37892.7,2.49995e+06,19.9996,-nan,3.19836e+08,15.6245,0,1.46294e+08,0,2.49995e+06,1.44859e+08
"VQF_Nonpart_Scalar_16/Construct/131/10/1/1000000/100000000/10/iterations:5/manual_time",5,15.2314,1.00811,ms,,,,,,34993.4,847.565,5.88045e+06,113922,38442.6,2.61996e+06,20.9597,-nan,4.20196e+08,15.2314,0,1.34844e+08,0,2.61996e+06,1.40619e+08
"VQF_Nonpart_Scalar_16/Construct/137/10/1/1000000/100000000/10/iterations:5/manual_time",5,15.2027,1.09349,ms,,,,,,50017.8,838.132,6.25e+06,141523,46599.4,2.73997e+06,21.9197,-nan,3.21907e+08,15.2027,0,1.48871e+08,0,2.73997e+06,1.37465e+08
"VQF_Nonpart_Scalar_16/Construct/143/10/1/1000000/100000000/10/iterations:5/manual_time",5,14.7335,1.08729,ms,,,,,,86245.4,1018.92,5.74384e+06,119224,49958.5,2.85998e+06,22.8798,-nan,3.24482e+08,14.7335,0,1.26803e+08,0,2.85998e+06,1.36003e+08
"VQF_Nonpart_Scalar_16/Construct/150/10/1/1000000/100000000/10/iterations:5/manual_time",5,14.445,1.10421,ms,,,,,,132148,936.599,5.96083e+06,109306,51968.9,2.99998e+06,23.9998,-nan,3.47093e+08,14.445,0,1.35417e+08,0,2.99998e+06,1.33804e+08
"VQF_Nonpart_Scalar_16/Construct/156/10/1/1000000/100000000/10/iterations:5/manual_time",5,15.6565,1.1442,ms,,,,,,194049,970.837,5.80378e+06,119390,64999.5,3.11998e+06,24.9599,-nan,3.98628e+08,15.6565,0,1.30008e+08,0,3.11998e+06,1.301e+08
"VQF_Nonpart_Scalar_16/Construct/162/10/1/1000000/100000000/10/iterations:5/manual_time",5,14.3842,1.14544,ms,,,,,,250284,716.853,6.31751e+06,126709,57114.1,3.23999e+06,25.9199,-nan,2.90709e+08,14.3842,0,1.4719e+08,0,3.23999e+06,1.30266e+08
"VQF_Nonpart_AVX512_8/Construct/100/10/1/1000000/100000000/10/iterations:5/manual_time",5,415.115,415.195,ms,,,,,,nan,nan,nan,nan,nan,999984,7.99987,nan,nan,nan,5,nan,16,999984,nan
"VQF_Nonpart_AVX512_8/Construct/112/10/1/1000000/100000000/10/iterations:5/manual_time",5,26.5769,26.6529,ms,,,,,,350.799,32.2751,2.52226e+06,6175.36,9117.1,1.11998e+06,8.95987,908777,1.18861e+08,26.5769,0,1.56002e+08,0,1.11998e+06,2.65871e+07
"VQF_Nonpart_AVX512_8/Construct/125/10/1/1000000/100000000/10/iterations:5/manual_time",5,26.8318,26.9111,ms,,,,,,372.596,39.8057,2.39845e+06,5399.41,7999.25,1.24997e+06,9.99974,838989,1.19885e+08,26.8318,0,1.50595e+08,0,1.24997e+06,2.6845e+07
"VQF_Nonpart_AVX512_8/Construct/137/10/1/1000000/100000000/10/iterations:5/manual_time",5,26.4181,26.495,ms,,,,,,407.92,26.452,2.28857e+06,5442.59,7346.4,1.36997e+06,10.9597,755713,1.18616e+08,26.4181,0,1.50591e+08,0,1.36997e+06,2.6431e+07
"VQF_Nonpart_AVX512_8/Construct/150/10/1/1000000/100000000/10/iterations:5/manual_time",5,26.313,26.3898,ms,,,,,,233.302,34.2594,2.21741e+06,5585.64,8419.31,1.5e+06,12,670575,1.17911e+08,26.313,0,1.52621e+08,0,1.5e+06,2.63261e+07
"VQF_Nonpart_AVX512_8/Construct/162/10/1/1000000/100000000/10/iterations:5/manual_time",5,26.7102,26.7897,ms,,,,,,523.693,34.5353,2.19781e+06,5677.18,15399.3,1.62e+06,12.96,637742,1.19268e+08,26.7102,0,1.5287e+08,0,1.62e+06,2.67251e+07
"VQF_Nonpart_AVX512_8/Construct/175/10/1/1000000/100000000/10/iterations:5/manual_time",5,26.5946,26.6698,ms,,,,,,233.765,29.0173,2.19946e+06,5755.92,10824.3,1.74998e+06,13.9999,611856,1.18973e+08,26.5946,0,1.5331e+08,0,1.74998e+06,2.66055e+07
"VQF_Nonpart_AVX512_8/Construct/187/10/1/1000000/100000000/10/iterations:5/manual_time",5,26.7474,26.826,ms,,,,,,400.029,26.5364,2.20188e+06,5474.25,11120.5,1.86998e+06,14.9599,597763,1.20115e+08,26.7474,0,1.53291e+08,0,1.86998e+06,2.67607e+07
"VQF_Nonpart_AVX512_8/Construct/200/10/1/1000000/100000000/10/iterations:5/manual_time",5,27.3882,27.466,ms,,,,,,250.664,31.5416,2.20292e+06,6092.29,12863.2,1.99997e+06,15.9997,593492,1.22739e+08,27.3882,0,1.5297e+08,0,1.99997e+06,2.74004e+07
"VQF_Nonpart_AVX512_8/Construct/212/10/1/1000000/100000000/10/iterations:5/manual_time",5,27.388,27.4659,ms,,,,,,281.522,42.5942,2.20982e+06,5667.76,13456.5,2.11997e+06,16.9597,586739,1.2275e+08,27.388,0,1.52701e+08,0,2.11997e+06,2.74012e+07
"VQF_Nonpart_AVX512_8/Construct/225/10/1/1000000/100000000/10/iterations:5/manual_time",5,27.6488,27.7278,ms,,,,,,400.559,38.2057,2.20689e+06,5646.67,13585.8,2.25e+06,18,579401,1.24169e+08,27.6488,0,1.52431e+08,0,2.25e+06,2.76621e+07
"VQF_Nonpart_AVX512_8/Construct/237/10/1/1000000/100000000/10/iterations:5/manual_time",5,27.8127,27.8919,ms,,,,,,598.122,39.8274,2.20959e+06,5402.04,14611.1,2.37e+06,18.96,573330,1.24921e+08,27.8127,0,1.52073e+08,0,2.37e+06,2.7826e+07
"VQF_Nonpart_AVX512_8/Construct/250/10/1/1000000/100000000/10/iterations:5/manual_time",5,28.1786,28.2599,ms,,,,,,698.442,32.1416,2.21207e+06,5662.76,22706.4,2.49998e+06,19.9999,577106,1.25667e+08,28.1786,0,1.51646e+08,0,2.49998e+06,2.81923e+07
"VQF_Nonpart_AVX512_8/Construct/262/10/1/1000000/100000000/10/iterations:5/manual_time",5,28.4765,28.5562,ms,,,,,,557.714,41.0868,2.21547e+06,6148.81,18212,2.61998e+06,20.9599,571452,1.26638e+08,28.4765,0,1.51875e+08,0,2.61998e+06,2.84885e+07
"VQF_Nonpart_AVX512_8/Construct/275/10/1/1000000/100000000/10/iterations:5/manual_time",5,28.7234,28.8052,ms,,,,,,764.986,36.0164,2.22464e+06,5799.14,19802,2.74997e+06,21.9997,569495,1.28327e+08,28.7234,0,1.51625e+08,0,2.74997e+06,2.87373e+07
"VQF_Nonpart_AVX512_8/Construct/287/10/1/1000000/100000000/10/iterations:5/manual_time",5,29.1048,29.1871,ms,,,,,,653.946,40.09,2.20289e+06,5723.76,24020.4,2.86997e+06,22.9597,568172,1.30301e+08,29.1048,0,1.50674e+08,0,2.86997e+06,2.91169e+07
"VQF_Nonpart_AVX512_8/Construct/300/10/1/1000000/100000000/10/iterations:5/manual_time",5,28.7731,28.855,ms,,,,,,832.021,30.5092,2.22771e+06,5626.33,20132.5,3e+06,24,559407,1.28819e+08,28.7731,0,1.51181e+08,0,3e+06,2.87862e+07
"VQF_Nonpart_AVX512_8/Construct/312/10/1/1000000/100000000/10/iterations:5/manual_time",5,28.8225,28.9057,ms,,,,,,992.86,29.9846,2.23333e+06,5756.24,21490,3.12e+06,24.96,559084,1.29083e+08,28.8225,0,1.51143e+08,0,3.12e+06,2.88359e+07
"VQF_Nonpart_AVX512_8/Construct/325/10/1/1000000/100000000/10/iterations:5/manual_time",5,28.9907,29.0735,ms,,,,,,1309.92,35.1872,2.23907e+06,5694.76,22795.5,3.24998e+06,25.9999,554710,1.29996e+08,28.9907,0,1.50964e+08,0,3.24998e+06,2.9004e+07
"VQF_Nonpart_AVX512_16/Construct/100/10/1/1000000/100000000/10/iterations:5/manual_time",5,233.631,233.715,ms,,,,,,nan,nan,nan,nan,nan,1.99998e+06,15.9999,nan,nan,nan,5,nan,16,1.99998e+06,nan
"VQF_Nonpart_AVX512_16/Construct/106/10/1/1000000/100000000/10/iterations:5/manual_time",5,233.773,233.858,ms,,,,,,nan,nan,nan,nan,nan,2.11999e+06,16.9599,nan,nan,nan,5,nan,16,2.11999e+06,nan
"VQF_Nonpart_AVX512_16/Construct/112/10/1/1000000/100000000/10/iterations:5/manual_time",5,14.5935,14.6762,ms,,,,,,193,39.8775,2.39761e+06,3280.75,12751.3,2.24e+06,17.92,-nan,6.49283e+07,14.5935,0,7.64793e+07,0,2.24e+06,1.4607e+07
"VQF_Nonpart_AVX512_16/Construct/118/10/1/1000000/100000000/10/iterations:5/manual_time",5,14.5404,14.6194,ms,,,,,,212.8,33.659,2.3916e+06,3461.9,12404.3,2.35995e+06,18.8796,-nan,6.38914e+07,14.5404,0,7.63514e+07,0,2.35995e+06,1.45536e+07
"VQF_Nonpart_AVX512_16/Construct/125/10/1/1000000/100000000/10/iterations:5/manual_time",5,14.7644,14.8503,ms,,,,,,256.2,36.5112,2.39622e+06,3548.56,18934.9,2.49995e+06,19.9996,-nan,6.52451e+07,14.7644,0,7.6426e+07,0,2.49995e+06,1.47797e+07
"VQF_Nonpart_AVX512_16/Construct/131/10/1/1000000/100000000/10/iterations:5/manual_time",5,15.897,15.9918,ms,,,,,,512.6,42.4668,2.37781e+06,3736.35,32829.7,2.61996e+06,20.9597,379265,6.35568e+07,15.897,0,7.46142e+07,0,2.61996e+06,1.59125e+07
"VQF_Nonpart_AVX512_16/Construct/137/10/1/1000000/100000000/10/iterations:5/manual_time",5,15.2846,15.3716,ms,,,,,,257,18.2392,2.3643e+06,3399.9,13731.4,2.73997e+06,21.9197,-nan,6.05733e+07,15.2846,0,7.40069e+07,0,2.73997e+06,1.52985e+07
"VQF_Nonpart_AVX512_16/Construct/143/10/1/1000000/100000000/10/iterations:5/manual_time",5,14.5491,14.6309,ms,,,,,,273,34.1478,2.32069e+06,3286.28,18574.3,2.85998e+06,22.8798,-nan,6.19665e+07,14.5491,0,7.2551e+07,0,2.85998e+06,1.45625e+07
"VQF_Nonpart_AVX512_16/Construct/150/10/1/1000000/100000000/10/iterations:5/manual_time",5,14.2607,14.3441,ms,,,,,,311.8,50.3117,2.29681e+06,3436.7,19771.5,2.99998e+06,23.9998,-nan,5.94106e+07,14.2607,0,7.07218e+07,0,2.99998e+06,1.42746e+07
"VQF_Nonpart_AVX512_16/Construct/156/10/1/1000000/100000000/10/iterations:5/manual_time",5,14.1064,14.1853,ms,,,,,,308.8,37.6137,2.2663e+06,3216.84,20407.4,3.11998e+06,24.9599,-nan,6.09328e+07,14.1064,0,7.01164e+07,0,3.11998e+06,1.41182e+07
"VQF_Nonpart_AVX512_16/Construct/162/10/1/1000000/100000000/10/iterations:5/manual_time",5,13.8759,13.957,ms,,,,,,552.2,30.0543,2.25648e+06,3008.22,20881.5,3.23999e+06,25.9199,-nan,6.05369e+07,13.8759,0,6.93843e+07,0,3.23999e+06,1.38893e+07
"Cuckoo_Nonpart_Scalar_8/Construct/100/10/1/1000000/100000000/10/iterations:5/manual_time",5,26.4125,26.4838,ms,,,,,,nan,nan,nan,nan,nan,1e+06,8,nan,nan,nan,5,nan,0,1e+06,nan
"Cuckoo_Nonpart_Scalar_8/Construct/112/10/1/1000000/100000000/10/iterations:5/manual_time",5,12.9671,13.0409,ms,,,,,,336,38.5115,1.95691e+06,3083.64,1886.99,1.12e+06,8.96,-nan,5.41047e+07,12.9671,0,8.27332e+07,0,1.12e+06,1.29777e+07
"Cuckoo_Nonpart_Scalar_8/Construct/125/10/1/1000000/100000000/10/iterations:5/manual_time",5,9.64283,9.72069,ms,,,,,,333.8,27.492,1.50711e+06,2597.8,-nan,1.25005e+06,10.0004,-nan,3.94514e+07,9.64283,0,6.16028e+07,0,1.25005e+06,9.65532e+06
"Cuckoo_Nonpart_Scalar_8/Construct/137/10/1/1000000/100000000/10/iterations:5/manual_time",5,8.36537,8.44217,ms,,,,,,330.6,33.9516,1.38224e+06,2365.8,-nan,1.37005e+06,10.9604,-nan,3.60532e+07,8.36537,0,5.14561e+07,0,1.37005e+06,8.37784e+06
"Cuckoo_Nonpart_Scalar_8/Construct/150/10/1/1000000/100000000/10/iterations:5/manual_time",5,7.55992,7.63606,ms,,,,,,268.8,22.5033,1.32806e+06,2389.2,-nan,1.50003e+06,12.0003,-nan,3.35222e+07,7.55992,0,4.8986e+07,0,1.50003e+06,7.57246e+06
"Cuckoo_Nonpart_Scalar_8/Construct/162/10/1/1000000/100000000/10/iterations:5/manual_time",5,7.2857,7.36157,ms,,,,,,259.8,34.9509,1.29892e+06,2267.4,-nan,1.62003e+06,12.9603,-nan,3.22824e+07,7.2857,0,4.62278e+07,0,1.62003e+06,7.29795e+06
"Cuckoo_Nonpart_Scalar_8/Construct/175/10/1/1000000/100000000/10/iterations:5/manual_time",5,7.0637,7.14131,ms,,,,,,229.4,30.4287,1.2778e+06,2222.4,-nan,1.75002e+06,14.0001,-nan,3.05261e+07,7.0637,0,4.55227e+07,0,1.75002e+06,7.07651e+06
"Cuckoo_Nonpart_Scalar_8/Construct/187/10/1/1000000/100000000/10/iterations:5/manual_time",5,6.87478,6.95147,ms,,,,,,197.6,23.7393,1.2648e+06,2240.4,-nan,1.87002e+06,14.9601,-nan,3.05929e+07,6.87478,0,4.45093e+07,0,1.87002e+06,6.88723e+06
"Cuckoo_Nonpart_Scalar_8/Construct/200/10/1/1000000/100000000/10/iterations:5/manual_time",5,6.88653,6.96334,ms,,,,,,198,24.0854,1.25507e+06,2262.6,-nan,2e+06,16,-nan,3.06657e+07,6.88653,0,4.37647e+07,0,2e+06,6.89919e+06
"Cuckoo_Nonpart_Scalar_8/Construct/212/10/1/1000000/100000000/10/iterations:5/manual_time",5,6.75277,6.82981,ms,,,,,,183.2,37.5283,1.24946e+06,2175.6,-nan,2.12e+06,16.96,-nan,2.95777e+07,6.75277,0,4.36748e+07,0,2.12e+06,6.76553e+06
"Cuckoo_Nonpart_Scalar_8/Construct/225/10/1/1000000/100000000/10/iterations:5/manual_time",5,6.8428,6.92033,ms,,,,,,170.2,23.9663,1.24505e+06,2134.4,-nan,2.25005e+06,18.0004,-nan,2.95974e+07,6.8428,0,4.30704e+07,0,2.25005e+06,6.85556e+06
"Cuckoo_Nonpart_Scalar_8/Construct/237/10/1/1000000/100000000/10/iterations:5/manual_time",5,6.67082,6.74805,ms,,,,,,154.8,15.7976,1.24243e+06,2213.4,-nan,2.37005e+06,18.9604,-nan,2.92715e+07,6.67082,0,4.30713e+07,0,2.37005e+06,6.68373e+06
"Cuckoo_Nonpart_Scalar_8/Construct/250/10/1/1000000/100000000/10/iterations:5/manual_time",5,6.67799,6.75543,ms,,,,,,162.6,20.6315,1.24094e+06,2229.8,-nan,2.50003e+06,20.0003,-nan,2.95861e+07,6.67799,0,4.28137e+07,0,2.50003e+06,6.69117e+06
"Cuckoo_Nonpart_Scalar_8/Construct/262/10/1/1000000/100000000/10/iterations:5/manual_time",5,6.65464,6.73234,ms,,,,,,154.4,16.8461,1.24006e+06,2035.6,-nan,2.62003e+06,20.9603,-nan,2.72376e+07,6.65464,0,4.26361e+07,0,2.62003e+06,6.66802e+06
"Cuckoo_Nonpart_Scalar_8/Construct/275/10/1/1000000/100000000/10/iterations:5/manual_time",5,6.68993,6.76551,ms,,,,,,142,29.2469,1.23948e+06,2230.4,-nan,2.75002e+06,22.0001,-nan,2.85666e+07,6.68993,0,4.2336e+07,0,2.75002e+06,6.69742e+06
"Cuckoo_Nonpart_Scalar_8/Construct/287/10/1/1000000/100000000/10/iterations:5/manual_time",5,6.64787,6.72626,ms,,,,,,150.4,22.6122,1.24015e+06,2236.4,-nan,2.87002e+06,22.9601,-nan,2.95777e+07,6.64787,0,4.23697e+07,0,2.87002e+06,6.66119e+06
"Cuckoo_Nonpart_Scalar_8/Construct/300/10/1/1000000/100000000/10/iterations:5/manual_time",5,6.65697,6.73561,ms,,,,,,142,28.5908,1.23987e+06,2072,-nan,3e+06,24,-nan,2.97711e+07,6.65697,0,4.23299e+07,0,3e+06,6.67062e+06
"Cuckoo_Nonpart_Scalar_8/Construct/312/10/1/1000000/100000000/10/iterations:5/manual_time",5,6.67172,6.75164,ms,,,,,,146,38.9472,1.24135e+06,2168,-nan,3.12e+06,24.96,-nan,2.92827e+07,6.67172,0,4.22852e+07,0,3.12e+06,6.68512e+06
"Cuckoo_Nonpart_Scalar_8/Construct/325/10/1/1000000/100000000/10/iterations:5/manual_time",5,6.71836,6.79883,ms,,,,,,172.6,25.5029,1.24237e+06,2279.6,-nan,3.25005e+06,26.0004,-nan,2.93425e+07,6.71836,0,4.19031e+07,0,3.25005e+06,6.73217e+06
"Cuckoo_Nonpart_Scalar_16/Construct/100/10/1/1000000/100000000/10/iterations:5/manual_time",5,40.0644,40.1347,ms,,,,,,nan,nan,nan,nan,nan,2e+06,16,nan,nan,nan,5,nan,0,2e+06,nan
"Cuckoo_Nonpart_Scalar_16/Construct/106/10/1/1000000/100000000/10/iterations:5/manual_time",5,45.7444,45.8172,ms,,,,,,nan,nan,nan,nan,nan,2.12e+06,16.96,nan,nan,nan,5,nan,0,2.12e+06,nan
"Cuckoo_Nonpart_Scalar_16/Construct/112/10/1/1000000/100000000/10/iterations:5/manual_time",5,49.7858,49.8562,ms,,,,,,nan,nan,nan,nan,nan,2.24e+06,17.92,nan,nan,nan,5,nan,0,2.24e+06,nan
"Cuckoo_Nonpart_Scalar_16/Construct/118/10/1/1000000/100000000/10/iterations:5/manual_time",5,28.7482,28.8236,ms,,,,,,724.294,12.1556,2.89659e+06,6267.91,6481.95,2.36e+06,18.88,252151,1.2906e+08,28.7482,0,8.55278e+07,0,2.36e+06,2.87588e+07
"Cuckoo_Nonpart_Scalar_16/Construct/125/10/1/1000000/100000000/10/iterations:5/manual_time",5,20.5023,20.5816,ms,,,,,,530.557,19.0127,2.72189e+06,4199.65,4701.57,2.50003e+06,20.0003,291522,9.18095e+07,20.5023,0,7.96819e+07,0,2.50003e+06,2.05155e+07
"Cuckoo_Nonpart_Scalar_16/Construct/131/10/1/1000000/100000000/10/iterations:5/manual_time",5,17.4322,17.5115,ms,,,,,,510.838,43.212,2.29339e+06,3704.58,5735.67,2.62003e+06,20.9603,302967,7.54843e+07,17.4322,0,8.27325e+07,0,2.62003e+06,1.74453e+07
"Cuckoo_Nonpart_Scalar_16/Construct/137/10/1/1000000/100000000/10/iterations:5/manual_time",5,15.1953,15.2767,ms,,,,,,494,22.6054,2.05795e+06,3185.43,5284.1,2.74003e+06,21.9203,-nan,6.67722e+07,15.1953,0,7.63208e+07,0,2.74003e+06,1.52083e+07
"Cuckoo_Nonpart_Scalar_16/Construct/143/10/1/1000000/100000000/10/iterations:5/manual_time",5,13.7794,13.859,ms,,,,,,529.2,19.7693,1.91293e+06,3102.31,6150.74,2.86003e+06,22.8803,-nan,6.01528e+07,13.7794,0,7.06542e+07,0,2.86003e+06,1.37926e+07
"Cuckoo_Nonpart_Scalar_16/Construct/150/10/1/1000000/100000000/10/iterations:5/manual_time",5,12.5023,12.5833,ms,,,,,,514.4,25.4289,1.75548e+06,3015.44,6258.57,3e+06,24,-nan,5.4335e+07,12.5023,0,6.43285e+07,0,3e+06,1.25154e+07
"Cuckoo_Nonpart_Scalar_16/Construct/156/10/1/1000000/100000000/10/iterations:5/manual_time",5,11.69,11.7705,ms,,,,,,531.4,33.5282,1.60825e+06,3015.6,6509.31,3.12e+06,24.96,-nan,5.17147e+07,11.69,0,5.83765e+07,0,3.12e+06,1.17033e+07
"Cuckoo_Nonpart_Scalar_16/Construct/162/10/1/1000000/100000000/10/iterations:5/manual_time",5,11.0375,11.1192,ms,,,,,,548.6,33.8797,1.56251e+06,2761,-nan,3.24e+06,25.92,-nan,4.86514e+07,11.0375,0,5.60507e+07,0,3.24e+06,1.1051e+07
"Cuckoo_Nonpart_AVX512_8/Construct/100/10/1/1000000/100000000/10/iterations:5/manual_time",5,90.2533,90.3252,ms,,,,,,nan,nan,nan,nan,nan,1e+06,8,nan,nan,nan,5,nan,0,1e+06,nan
"Cuckoo_Nonpart_AVX512_8/Construct/112/10/1/1000000/100000000/10/iterations:5/manual_time",5,44.5543,44.6296,ms,,,,,,122.607,46.4249,1.63299e+06,6141.62,6760.17,1.12e+06,8.96,539046,1.99878e+08,44.5543,0,1.26764e+08,0,1.12e+06,4.45665e+07
"Cuckoo_Nonpart_AVX512_8/Construct/125/10/1/1000000/100000000/10/iterations:5/manual_time",5,35.2147,35.2879,ms,,,,,,138.921,36.2494,1.35908e+06,6207.33,7787.38,1.25005e+06,10.0004,378024,1.58018e+08,35.2147,0,9.99079e+07,0,1.25005e+06,3.52259e+07
"Cuckoo_Nonpart_AVX512_8/Construct/137/10/1/1000000/100000000/10/iterations:5/manual_time",5,31.8318,31.9061,ms,,,,,,146.972,10.5129,1.30118e+06,6175.04,5607.13,1.37005e+06,10.9604,323460,1.42665e+08,31.8318,0,9.28813e+07,0,1.37005e+06,3.18444e+07
"Cuckoo_Nonpart_AVX512_8/Construct/150/10/1/1000000/100000000/10/iterations:5/manual_time",5,29.9651,30.0386,ms,,,,,,121.84,14.3892,1.25315e+06,6156.21,5869.98,1.50003e+06,12.0003,219445,1.34591e+08,29.9651,0,8.86355e+07,0,1.50003e+06,2.99758e+07
"Cuckoo_Nonpart_AVX512_8/Construct/162/10/1/1000000/100000000/10/iterations:5/manual_time",5,29.1031,29.1786,ms,,,,,,116.379,10.4739,1.23682e+06,6096.04,10718.7,1.62003e+06,12.9603,179396,1.30494e+08,29.1031,0,8.65834e+07,0,1.62003e+06,2.91159e+07
"Cuckoo_Nonpart_AVX512_8/Construct/175/10/1/1000000/100000000/10/iterations:5/manual_time",5,28.416,28.4911,ms,,,,,,104.58,10.8267,1.22404e+06,5914.46,7619.59,1.75002e+06,14.0001,139179,1.27435e+08,28.416,0,8.5252e+07,0,1.75002e+06,2.84288e+07
"Cuckoo_Nonpart_AVX512_8/Construct/187/10/1/1000000/100000000/10/iterations:5/manual_time",5,28.1309,28.2063,ms,,,,,,108.892,13.8184,1.21199e+06,5485.6,13376.7,1.87002e+06,14.9601,108282,1.26336e+08,28.1309,0,8.40506e+07,0,1.87002e+06,2.81434e+07
"Cuckoo_Nonpart_AVX512_8/Construct/200/10/1/1000000/100000000/10/iterations:5/manual_time",5,27.7665,27.84,ms,,,,,,102.64,15.0243,1.21142e+06,6104.07,8976.53,2e+06,16,92429,1.24675e+08,27.7665,0,8.35924e+07,0,2e+06,2.77767e+07
"Cuckoo_Nonpart_AVX512_8/Construct/212/10/1/1000000/100000000/10/iterations:5/manual_time",5,27.6826,27.7571,ms,,,,,,98.7322,11.6591,1.20497e+06,5747.62,10187.2,2.12e+06,16.96,75918.9,1.24308e+08,27.6826,0,8.30108e+07,0,2.12e+06,2.76941e+07
"Cuckoo_Nonpart_AVX512_8/Construct/225/10/1/1000000/100000000/10/iterations:5/manual_time",5,27.5692,27.6436,ms,,,,,,110.439,17.1536,1.20601e+06,5779.3,9350.17,2.25005e+06,18.0004,61544.9,1.23341e+08,27.5692,0,8.26316e+07,0,2.25005e+06,2.75807e+07
"Cuckoo_Nonpart_AVX512_8/Construct/237/10/1/1000000/100000000/10/iterations:5/manual_time",5,27.5029,27.5796,ms,,,,,,112.512,10.2501,1.20039e+06,5753.02,13089.2,2.37005e+06,18.9604,50977.9,1.2328e+08,27.5029,0,8.20939e+07,0,2.37005e+06,2.75156e+07
"Cuckoo_Nonpart_AVX512_8/Construct/250/10/1/1000000/100000000/10/iterations:5/manual_time",5,27.3911,27.4682,ms,,,,,,118.469,21.3758,1.20385e+06,6123.13,11413.8,2.50003e+06,20.0003,41979.4,1.22952e+08,27.3911,0,8.21317e+07,0,2.50003e+06,2.74044e+07
"Cuckoo_Nonpart_AVX512_8/Construct/262/10/1/1000000/100000000/10/iterations:5/manual_time",5,27.3302,27.4057,ms,,,,,,116.857,11.7647,1.20457e+06,6144.42,11944.7,2.62003e+06,20.9603,37248,1.22181e+08,27.3302,0,8.16798e+07,0,2.62003e+06,2.73411e+07
"Cuckoo_Nonpart_AVX512_8/Construct/275/10/1/1000000/100000000/10/iterations:5/manual_time",5,27.3751,27.4531,ms,,,,,,114.607,8.50886,1.20455e+06,5755.2,18068.3,2.75002e+06,22.0001,31764,1.22486e+08,27.3751,0,8.15495e+07,0,2.75002e+06,2.73883e+07
"Cuckoo_Nonpart_AVX512_8/Construct/287/10/1/1000000/100000000/10/iterations:5/manual_time",5,27.3123,27.3897,ms,,,,,,152.16,21.7063,1.20718e+06,6600.44,16726.8,2.87002e+06,22.9601,27592.5,1.22409e+08,27.3123,0,8.1593e+07,0,2.87002e+06,2.73254e+07
"Cuckoo_Nonpart_AVX512_8/Construct/300/10/1/1000000/100000000/10/iterations:5/manual_time",5,27.3453,27.4234,ms,,,,,,154.768,25.1764,1.20764e+06,5565.71,14904.9,3e+06,24,23348.8,1.2215e+08,27.3453,0,8.13658e+07,0,3e+06,2.73577e+07
"Cuckoo_Nonpart_AVX512_8/Construct/312/10/1/1000000/100000000/10/iterations:5/manual_time",5,27.2202,27.2981,ms,,,,,,144.03,7.90992,1.21095e+06,5685.09,15105.4,3.12e+06,24.96,21031.5,1.22144e+08,27.2202,0,8.11938e+07,0,3.12e+06,2.72335e+07
"Cuckoo_Nonpart_AVX512_8/Construct/325/10/1/1000000/100000000/10/iterations:5/manual_time",5,27.2621,27.3406,ms,,,,,,196.448,15.3411,1.21391e+06,5564.15,16177.4,3.25005e+06,26.0004,18258.2,1.22399e+08,27.2621,0,8.1265e+07,0,3.25005e+06,2.72755e+07
"Cuckoo_Nonpart_AVX512_16/Construct/100/10/1/1000000/100000000/10/iterations:5/manual_time",5,100.176,100.247,ms,,,,,,nan,nan,nan,nan,nan,2e+06,16,nan,nan,nan,5,nan,0,2e+06,nan
"Cuckoo_Nonpart_AVX512_16/Construct/106/10/1/1000000/100000000/10/iterations:5/manual_time",5,112.729,112.8,ms,,,,,,nan,nan,nan,nan,nan,2.12e+06,16.96,nan,nan,nan,5,nan,0,2.12e+06,nan
"Cuckoo_Nonpart_AVX512_16/Construct/112/10/1/1000000/100000000/10/iterations:5/manual_time",5,121.255,121.324,ms,,,,,,nan,nan,nan,nan,nan,2.24e+06,17.92,nan,nan,nan,5,nan,0,2.24e+06,nan
"Cuckoo_Nonpart_AVX512_16/Construct/118/10/1/1000000/100000000/10/iterations:5/manual_time",5,70.8642,70.9368,ms,,,,,,274.255,55.5411,2.4535e+06,11174,17251.1,2.36e+06,18.88,613224,3.17908e+08,70.8642,0,1.58073e+08,0,2.36e+06,7.08716e+07
"Cuckoo_Nonpart_AVX512_16/Construct/125/10/1/1000000/100000000/10/iterations:5/manual_time",5,52.3514,52.4298,ms,,,,,,180.727,44.6814,1.97737e+06,8187.97,10163.7,2.50003e+06,20.0003,589657,2.34991e+08,52.3514,0,1.1565e+08,0,2.50003e+06,5.23647e+07
"Cuckoo_Nonpart_AVX512_16/Construct/131/10/1/1000000/100000000/10/iterations:5/manual_time",5,45.783,45.8607,ms,,,,,,232.512,40.3104,1.73882e+06,7366.01,10876.9,2.62003e+06,20.9603,610344,2.05448e+08,45.783,0,1.01296e+08,0,2.62003e+06,4.57958e+07
"Cuckoo_Nonpart_AVX512_16/Construct/137/10/1/1000000/100000000/10/iterations:5/manual_time",5,41.5744,41.6523,ms,,,,,,224.591,48.416,1.59911e+06,7034.68,13248.8,2.74003e+06,21.9203,545324,1.86355e+08,41.5744,0,9.19361e+07,0,2.74003e+06,4.15874e+07
"Cuckoo_Nonpart_AVX512_16/Construct/143/10/1/1000000/100000000/10/iterations:5/manual_time",5,38.9427,39.0187,ms,,,,,,251.46,52.2281,1.53524e+06,6757.65,13495.6,2.86003e+06,22.8803,494826,1.73446e+08,38.9427,0,8.60155e+07,0,2.86003e+06,3.89527e+07
"Cuckoo_Nonpart_AVX512_16/Construct/150/10/1/1000000/100000000/10/iterations:5/manual_time",5,36.1693,36.2488,ms,,,,,,270.784,50.1885,1.50063e+06,6662.16,13070.6,3e+06,24,466358,1.62538e+08,36.1693,0,8.19817e+07,0,3e+06,3.61826e+07
"Cuckoo_Nonpart_AVX512_16/Construct/156/10/1/1000000/100000000/10/iterations:5/manual_time",5,34.5194,34.5997,ms,,,,,,289.897,18.6494,1.46532e+06,6643.18,14112.7,3.12e+06,24.96,424001,1.5511e+08,34.5194,0,7.89273e+07,0,3.12e+06,3.45326e+07
"Cuckoo_Nonpart_AVX512_16/Construct/162/10/1/1000000/100000000/10/iterations:5/manual_time",5,33.0999,33.1794,ms,,,,,,329.02,9.56111,1.44728e+06,6218.13,16445,3.24e+06,25.92,396000,1.48685e+08,33.0999,0,7.71536e+07,0,3.24e+06,3.31132e+07
"Fuse_Nonpart_Scalar_8/Construct/100/10/1/1000000/100000000/10/iterations:5/manual_time",5,816.131,816.198,ms,,,,,,nan,nan,nan,nan,nan,1.00013e+06,8.00102,nan,nan,nan,5,nan,16,1.00013e+06,nan
"Fuse_Nonpart_Scalar_8/Construct/112/10/1/1000000/100000000/10/iterations:5/manual_time",5,1190.38,1190.46,ms,,,,,,nan,nan,nan,nan,nan,1.12013e+06,8.96102,nan,nan,nan,5,nan,16,1.12013e+06,nan
"Fuse_Nonpart_Scalar_8/Construct/125/10/1/1000000/100000000/10/iterations:5/manual_time",5,89.5639,89.6677,ms,,,,,,1.81728e+06,1308.68,1.19159e+07,26661.4,2.63958e+06,1.25011e+06,10.0009,1.01791e+06,4.01804e+08,89.5639,0,1.89609e+08,0,1.25011e+06,8.9583e+07
"Fuse_Nonpart_Scalar_8/Construct/137/10/1/1000000/100000000/10/iterations:5/manual_time",5,97.7085,97.816,ms,,,,,,1.79255e+06,1650.81,1.29388e+07,38511.9,2.87974e+06,1.37011e+06,10.9609,1.41756e+06,4.39029e+08,97.7085,0,1.80015e+08,0,1.37011e+06,9.77278e+07
"Fuse_Nonpart_Scalar_8/Construct/150/10/1/1000000/100000000/10/iterations:5/manual_time",5,103.136,103.237,ms,,,,,,1.85845e+06,3351.39,1.2368e+07,83199.9,3.52644e+06,1.5001e+06,12.0008,1.76815e+06,4.62294e+08,103.136,0,1.82815e+08,0,1.5001e+06,1.03148e+08
"Fuse_Nonpart_Scalar_8/Construct/162/10/1/1000000/100000000/10/iterations:5/manual_time",5,106.422,106.527,ms,,,,,,1.90291e+06,5135.14,1.20515e+07,100035,3.947e+06,1.6201e+06,12.9608,2.07477e+06,4.77587e+08,106.422,0,1.54015e+08,0,1.6201e+06,1.06439e+08
"Fuse_Nonpart_Scalar_8/Construct/175/10/1/1000000/100000000/10/iterations:5/manual_time",5,107.216,107.317,ms,,,,,,1.96254e+06,114.072,1.2393e+07,14860.8,4.1293e+06,1.75008e+06,14.0006,2.10423e+06,4.81205e+08,107.216,0,1.41792e+08,0,1.75008e+06,1.0723e+08
"Fuse_Nonpart_Scalar_8/Construct/187/10/1/1000000/100000000/10/iterations:5/manual_time",5,115.262,115.364,ms,,,,,,1.99701e+06,6752.89,1.20129e+07,171932,4.52264e+06,1.87008e+06,14.9606,2.66721e+06,5.1663e+08,115.262,0,1.85203e+08,0,1.87008e+06,1.15278e+08
"Fuse_Nonpart_Scalar_8/Construct/200/10/1/1000000/100000000/10/iterations:5/manual_time",5,110.883,110.988,ms,,,,,,2.03843e+06,380.135,1.12718e+07,22386,4.70239e+06,2.00006e+06,16.0005,2.80584e+06,4.97416e+08,110.883,0,1.47514e+08,0,2.00006e+06,1.109e+08
"Fuse_Nonpart_Scalar_8/Construct/212/10/1/1000000/100000000/10/iterations:5/manual_time",5,111.355,111.458,ms,,,,,,2.04809e+06,374.533,1.13371e+07,21595.9,4.92284e+06,2.12006e+06,16.9605,3.11181e+06,4.99895e+08,111.355,0,1.47901e+08,0,2.12006e+06,1.11371e+08
"Fuse_Nonpart_Scalar_8/Construct/225/10/1/1000000/100000000/10/iterations:5/manual_time",5,112.537,112.64,ms,,,,,,2.08564e+06,411.783,1.14189e+07,22609.6,5.13934e+06,2.25005e+06,18.0004,3.45657e+06,5.05712e+08,112.537,0,1.48335e+08,0,2.25005e+06,1.12553e+08
"Fuse_Nonpart_Scalar_8/Construct/237/10/1/1000000/100000000/10/iterations:5/manual_time",5,123.903,124.005,ms,,,,,,1.93183e+06,16640.9,1.32271e+07,373176,5.23744e+06,2.37005e+06,18.9604,2.89586e+06,5.56254e+08,123.903,0,2.33038e+08,0,2.37005e+06,1.23917e+08
"Fuse_Nonpart_Scalar_8/Construct/250/10/1/1000000/100000000/10/iterations:5/manual_time",5,127.617,127.723,ms,,,,,,1.75496e+06,17341.7,1.40131e+07,469870,5.05573e+06,2.50003e+06,20.0003,2.24162e+06,5.72825e+08,127.617,0,2.53218e+08,0,2.50003e+06,1.27637e+08
"Fuse_Nonpart_Scalar_8/Construct/262/10/1/1000000/100000000/10/iterations:5/manual_time",5,128.849,128.951,ms,,,,,,1.75665e+06,19494.5,1.41302e+07,484048,5.18866e+06,2.62003e+06,20.9603,2.18265e+06,5.78852e+08,128.849,0,2.56244e+08,0,2.62003e+06,1.28864e+08
"Fuse_Nonpart_Scalar_8/Construct/275/10/1/1000000/100000000/10/iterations:5/manual_time",5,127.384,127.49,ms,,,,,,1.80973e+06,25034.5,1.38949e+07,417385,5.35645e+06,2.75008e+06,22.0006,2.41639e+06,5.72507e+08,127.384,0,2.49084e+08,0,2.75008e+06,1.27404e+08
"Fuse_Nonpart_Scalar_8/Construct/287/10/1/1000000/100000000/10/iterations:5/manual_time",5,131.946,132.051,ms,,,,,,1.74746e+06,18621.6,1.42925e+07,531172,5.52376e+06,2.87002e+06,22.9601,2.19228e+06,5.91821e+08,131.946,0,2.63137e+08,0,2.87002e+06,1.31964e+08
"Fuse_Nonpart_Scalar_8/Construct/300/10/1/1000000/100000000/10/iterations:5/manual_time",5,133.835,133.936,ms,,,,,,1.67381e+06,25822.4,1.45064e+07,519570,5.45164e+06,3.00006e+06,24.0005,1.90455e+06,6.00065e+08,133.835,0,2.56046e+08,0,3.00006e+06,1.3385e+08
"Fuse_Nonpart_Scalar_8/Construct/312/10/1/1000000/100000000/10/iterations:5/manual_time",5,136.735,136.836,ms,,,,,,1.66522e+06,20553.7,1.47838e+07,538613,5.42964e+06,3.12e+06,24.96,1.85059e+06,6.13837e+08,136.735,0,2.40027e+08,0,3.12e+06,1.36747e+08
"Fuse_Nonpart_Scalar_8/Construct/325/10/1/1000000/100000000/10/iterations:5/manual_time",5,137.582,137.684,ms,,,,,,1.69061e+06,21760.6,1.48904e+07,495392,5.54814e+06,3.25005e+06,26.0004,1.90525e+06,6.16708e+08,137.582,0,2.2507e+08,0,3.25005e+06,1.37598e+08
"Fuse_Nonpart_Scalar_16/Construct/100/10/1/1000000/100000000/10/iterations:5/manual_time",5,679.032,679.117,ms,,,,,,nan,nan,nan,nan,nan,2.00019e+06,16.0015,nan,nan,nan,5,nan,16,2.00019e+06,nan
"Fuse_Nonpart_Scalar_16/Construct/106/10/1/1000000/100000000/10/iterations:5/manual_time",5,771.876,771.974,ms,,,,,,nan,nan,nan,nan,nan,2.12006e+06,16.9605,nan,nan,nan,5,nan,16,2.12006e+06,nan
"Fuse_Nonpart_Scalar_16/Construct/112/10/1/1000000/100000000/10/iterations:5/manual_time",5,999.804,999.877,ms,,,,,,nan,nan,nan,nan,nan,2.24019e+06,17.9215,nan,nan,nan,5,nan,16,2.24019e+06,nan
"Fuse_Nonpart_Scalar_16/Construct/118/10/1/1000000/100000000/10/iterations:5/manual_time",5,81.9943,82.0908,ms,,,,,,1.41066e+06,2660.99,1.04029e+07,59045.5,2.36967e+06,2.36006e+06,18.8805,919347,3.68131e+08,81.9943,0,1.52768e+08,0,2.36006e+06,8.20074e+07
"Fuse_Nonpart_Scalar_16/Construct/125/10/1/1000000/100000000/10/iterations:5/manual_time",5,93.8132,93.9123,ms,,,,,,1.85058e+06,2066.65,1.30028e+07,36296.1,2.52518e+06,2.50016e+06,20.0013,1.00578e+06,4.21263e+08,93.8132,0,1.86139e+08,0,2.50016e+06,9.38282e+07
"Fuse_Nonpart_Scalar_16/Construct/131/10/1/1000000/100000000/10/iterations:5/manual_time",5,97.1631,97.2676,ms,,,,,,1.76285e+06,1051.89,1.35352e+07,28234.5,2.73628e+06,2.62003e+06,20.9603,1.25175e+06,4.36323e+08,97.1631,0,1.82394e+08,0,2.62003e+06,9.71806e+07
"Fuse_Nonpart_Scalar_16/Construct/137/10/1/1000000/100000000/10/iterations:5/manual_time",5,98.765,98.8679,ms,,,,,,1.76368e+06,96.5637,1.3456e+07,14747,2.95836e+06,2.74016e+06,21.9213,1.4441e+06,4.43789e+08,98.765,0,1.81585e+08,0,2.74016e+06,9.87815e+07
"Fuse_Nonpart_Scalar_16/Construct/143/10/1/1000000/100000000/10/iterations:5/manual_time",5,100.999,101.102,ms,,,,,,1.79099e+06,98.4039,1.34535e+07,15201.9,3.19778e+06,2.86003e+06,22.8803,1.54954e+06,4.53618e+08,100.999,0,1.79674e+08,0,2.86003e+06,1.01016e+08
"Fuse_Nonpart_Scalar_16/Construct/150/10/1/1000000/100000000/10/iterations:5/manual_time",5,103.348,103.45,ms,,,,,,1.84456e+06,113.72,1.35008e+07,14386,3.36387e+06,3.00019e+06,24.0015,1.60628e+06,4.64073e+08,103.348,0,1.73331e+08,0,3.00019e+06,1.03364e+08
"Fuse_Nonpart_Scalar_16/Construct/156/10/1/1000000/100000000/10/iterations:5/manual_time",5,105.739,105.844,ms,,,,,,1.86035e+06,880.435,1.3003e+07,29480.7,3.66946e+06,3.12e+06,24.96,1.66387e+06,4.74749e+08,105.739,0,1.50025e+08,0,3.12e+06,1.05752e+08
"Fuse_Nonpart_Scalar_16/Construct/162/10/1/1000000/100000000/10/iterations:5/manual_time",5,107.037,107.139,ms,,,,,,1.87724e+06,172.73,1.32105e+07,36256.2,3.84261e+06,3.24013e+06,25.921,1.78787e+06,4.80987e+08,107.037,0,1.45337e+08,0,3.24013e+06,1.07053e+08
"Fuse_Nonpart_AVX512_8/Construct/100/10/1/1000000/100000000/10/iterations:5/manual_time",5,745.198,745.295,ms,,,,,,nan,nan,nan,nan,nan,1.00013e+06,8.00102,nan,nan,nan,5,nan,16,1.00013e+06,nan
"Fuse_Nonpart_AVX512_8/Construct/112/10/1/1000000/100000000/10/iterations:5/manual_time",5,1095.46,1095.52,ms,,,,,,nan,nan,nan,nan,nan,1.12013e+06,8.96102,nan,nan,nan,5,nan,16,1.12013e+06,nan
"Fuse_Nonpart_AVX512_8/Construct/125/10/1/1000000/100000000/10/iterations:5/manual_time",5,231.914,232.016,ms,,,,,,2.24484e+06,2352.86,1.17111e+07,68445.5,2.43028e+06,1.25011e+06,10.0009,2895.46,1.04104e+09,231.914,0,3.3739e+08,0,1.25011e+06,2.31927e+08
"Fuse_Nonpart_AVX512_8/Construct/137/10/1/1000000/100000000/10/iterations:5/manual_time",5,245.667,245.769,ms,,,,,,2.12696e+06,210.085,1.09835e+07,33596.2,2.91902e+06,1.37011e+06,10.9609,2281.99,1.10319e+09,245.667,0,2.96341e+08,0,1.37011e+06,2.45683e+08
"Fuse_Nonpart_AVX512_8/Construct/150/10/1/1000000/100000000/10/iterations:5/manual_time",5,258.169,258.263,ms,,,,,,2.28759e+06,375.768,1.16752e+07,34884.1,3.13557e+06,1.5001e+06,12.0008,2188.66,1.1591e+09,258.169,0,3.44648e+08,0,1.5001e+06,2.58183e+08
"Fuse_Nonpart_AVX512_8/Construct/162/10/1/1000000/100000000/10/iterations:5/manual_time",5,270.244,270.341,ms,,,,,,2.32029e+06,1454.69,1.22808e+07,53513.1,3.53503e+06,1.6201e+06,12.9608,2824.77,1.21268e+09,270.244,0,3.1886e+08,0,1.6201e+06,2.70258e+08
"Fuse_Nonpart_AVX512_8/Construct/175/10/1/1000000/100000000/10/iterations:5/manual_time",5,282.267,282.361,ms,,,,,,2.46494e+06,468.026,1.12699e+07,38493.6,4.14049e+06,1.75008e+06,14.0006,2708.88,1.24512e+09,282.267,0,3.33747e+08,0,1.75008e+06,2.82276e+08
"Fuse_Nonpart_AVX512_8/Construct/187/10/1/1000000/100000000/10/iterations:5/manual_time",5,286.672,286.754,ms,,,,,,2.54974e+06,309.223,1.13707e+07,36563.7,4.35534e+06,1.87008e+06,14.9606,2589.31,1.28737e+09,286.672,0,3.69457e+08,0,1.87008e+06,2.86675e+08
"Fuse_Nonpart_AVX512_8/Construct/200/10/1/1000000/100000000/10/iterations:5/manual_time",5,294.736,294.831,ms,,,,,,2.56471e+06,377.457,1.28954e+07,36566.6,4.55527e+06,2.00006e+06,16.0005,2618.59,1.32466e+09,294.736,0,3.98692e+08,0,2.00006e+06,2.94749e+08
"Fuse_Nonpart_AVX512_8/Construct/212/10/1/1000000/100000000/10/iterations:5/manual_time",5,301.447,301.536,ms,,,,,,2.56774e+06,414.598,1.28281e+07,38784.8,4.70602e+06,2.12006e+06,16.9605,2808.4,1.35274e+09,301.447,0,3.79285e+08,0,2.12006e+06,3.01451e+08
"Fuse_Nonpart_AVX512_8/Construct/225/10/1/1000000/100000000/10/iterations:5/manual_time",5,307.35,307.443,ms,,,,,,2.61167e+06,414.066,1.24863e+07,37099.5,4.82265e+06,2.25005e+06,18.0004,2922.75,1.37984e+09,307.35,0,3.67989e+08,0,2.25005e+06,3.0736e+08
"Fuse_Nonpart_AVX512_8/Construct/237/10/1/1000000/100000000/10/iterations:5/manual_time",5,322.411,322.499,ms,,,,,,2.43133e+06,20014.7,1.29258e+07,383420,4.50744e+06,2.37005e+06,18.9604,3204.97,1.44774e+09,322.411,0,4.49881e+08,0,2.37005e+06,3.22418e+08
"Fuse_Nonpart_AVX512_8/Construct/250/10/1/1000000/100000000/10/iterations:5/manual_time",5,330.535,330.626,ms,,,,,,2.37129e+06,13378.8,1.3792e+07,483346,4.5941e+06,2.50003e+06,20.0003,2798.09,1.48317e+09,330.535,0,4.42382e+08,0,2.50003e+06,3.30542e+08
"Fuse_Nonpart_AVX512_8/Construct/262/10/1/1000000/100000000/10/iterations:5/manual_time",5,335.586,335.678,ms,,,,,,2.38656e+06,15102.2,1.33536e+07,495839,4.89292e+06,2.62003e+06,20.9603,5814.56,1.50651e+09,335.586,0,4.03661e+08,0,2.62003e+06,3.35596e+08
"Fuse_Nonpart_AVX512_8/Construct/275/10/1/1000000/100000000/10/iterations:5/manual_time",5,340.356,340.449,ms,,,,,,2.47859e+06,18685.3,1.34101e+07,458719,5.06616e+06,2.75008e+06,22.0006,8639.44,1.52883e+09,340.356,0,4.18246e+08,0,2.75008e+06,3.40367e+08
"Fuse_Nonpart_AVX512_8/Construct/287/10/1/1000000/100000000/10/iterations:5/manual_time",5,345.828,345.947,ms,,,,,,2.53692e+06,16538.6,1.25027e+07,525961,5.54544e+06,2.87002e+06,22.9601,8834.42,1.55355e+09,345.828,0,4.05465e+08,0,2.87002e+06,3.45844e+08
"Fuse_Nonpart_AVX512_8/Construct/300/10/1/1000000/100000000/10/iterations:5/manual_time",5,350.901,351.001,ms,,,,,,2.59829e+06,19456.7,1.23905e+07,532024,5.88781e+06,3.00006e+06,24.0005,6123.53,1.57633e+09,350.901,0,4.41863e+08,0,3.00006e+06,3.50916e+08
"Fuse_Nonpart_AVX512_8/Construct/312/10/1/1000000/100000000/10/iterations:5/manual_time",5,355.115,355.217,ms,,,,,,2.61592e+06,18128,1.2871e+07,535689,6.08902e+06,3.12e+06,24.96,4177.54,1.59491e+09,355.115,0,4.73881e+08,0,3.12e+06,3.55133e+08
"Fuse_Nonpart_AVX512_8/Construct/325/10/1/1000000/100000000/10/iterations:5/manual_time",5,359.263,359.356,ms,,,,,,2.62465e+06,20328,1.35925e+07,540652,6.26858e+06,3.25005e+06,26.0004,4633.71,1.61309e+09,359.263,0,4.90965e+08,0,3.25005e+06,3.59269e+08
"Fuse_Nonpart_AVX512_16/Construct/100/10/1/1000000/100000000/10/iterations:5/manual_time",5,744.757,744.853,ms,,,,,,nan,nan,nan,nan,nan,2.00019e+06,16.0015,nan,nan,nan,5,nan,16,2.00019e+06,nan
"Fuse_Nonpart_AVX512_16/Construct/106/10/1/1000000/100000000/10/iterations:5/manual_time",5,842.978,843.068,ms,,,,,,nan,nan,nan,nan,nan,2.12006e+06,16.9605,nan,nan,nan,5,nan,16,2.12006e+06,nan
"Fuse_Nonpart_AVX512_16/Construct/112/10/1/1000000/100000000/10/iterations:5/manual_time",5,1096.19,1096.25,ms,,,,,,nan,nan,nan,nan,nan,2.24019e+06,17.9215,nan,nan,nan,5,nan,16,2.24019e+06,nan
"Fuse_Nonpart_AVX512_16/Construct/118/10/1/1000000/100000000/10/iterations:5/manual_time",5,207.958,208.049,ms,,,,,,2.06754e+06,2241.51,1.18463e+07,62482.4,2.15304e+06,2.36006e+06,18.8805,3174.43,9.33959e+08,207.958,0,3.06643e+08,0,2.36006e+06,2.07968e+08
"Fuse_Nonpart_AVX512_16/Construct/125/10/1/1000000/100000000/10/iterations:5/manual_time",5,232.274,232.367,ms,,,,,,2.19722e+06,292.654,1.25429e+07,27309.2,2.46338e+06,2.50016e+06,20.0013,2073.63,1.04301e+09,232.274,0,3.26625e+08,0,2.50016e+06,2.32286e+08
"Fuse_Nonpart_AVX512_16/Construct/131/10/1/1000000/100000000/10/iterations:5/manual_time",5,242.518,242.617,ms,,,,,,2.0742e+06,174.668,1.18894e+07,28982.7,2.73516e+06,2.62003e+06,20.9603,2436.42,1.08861e+09,242.518,0,2.96527e+08,0,2.62003e+06,2.42533e+08
"Fuse_Nonpart_AVX512_16/Construct/137/10/1/1000000/100000000/10/iterations:5/manual_time",5,248.645,248.743,ms,,,,,,2.14752e+06,149.263,1.10863e+07,31573.3,2.94163e+06,2.74016e+06,21.9213,2324.17,1.11709e+09,248.645,0,3.11187e+08,0,2.74016e+06,2.48661e+08
"Fuse_Nonpart_AVX512_16/Construct/143/10/1/1000000/100000000/10/iterations:5/manual_time",5,254.655,254.75,ms,,,,,,2.25219e+06,226.965,1.15959e+07,32211,3.05701e+06,2.86003e+06,22.8803,2116.33,1.14308e+09,254.655,0,3.33966e+08,0,2.86003e+06,2.54668e+08
"Fuse_Nonpart_AVX512_16/Construct/150/10/1/1000000/100000000/10/iterations:5/manual_time",5,260.227,260.319,ms,,,,,,2.27333e+06,256.616,1.27666e+07,31691.7,3.15165e+06,3.00019e+06,24.0015,2262.34,1.16821e+09,260.227,0,3.44919e+08,0,3.00019e+06,2.60236e+08
"Fuse_Nonpart_AVX512_16/Construct/156/10/1/1000000/100000000/10/iterations:5/manual_time",5,264.796,264.885,ms,,,,,,2.29022e+06,246.166,1.31841e+07,31654.9,3.33865e+06,3.12e+06,24.96,2238.51,1.18991e+09,264.796,0,3.34726e+08,0,3.12e+06,2.64804e+08
"Fuse_Nonpart_AVX512_16/Construct/162/10/1/1000000/100000000/10/iterations:5/manual_time",5,272.685,272.781,ms,,,,,,2.32593e+06,1555.08,1.23892e+07,53432.8,3.68788e+06,3.24013e+06,25.921,2838.24,1.22345e+09,272.685,0,3.06749e+08,0,3.24013e+06,2.727e+08
"Morton_Nonpart_Scalar_8/Construct/100/10/1/1000000/100000000/10/iterations:5/manual_time",5,37.5691,37.6411,ms,,,,,,nan,nan,nan,nan,nan,1.00006e+06,8.00051,nan,nan,nan,5,nan,0,1.00006e+06,nan
"Morton_Nonpart_Scalar_8/Construct/112/10/1/1000000/100000000/10/iterations:5/manual_time",5,49.1482,49.2174,ms,,,,,,nan,nan,nan,nan,nan,1.12006e+06,8.96051,nan,nan,nan,5,nan,0,1.12006e+06,nan
"Morton_Nonpart_Scalar_8/Construct/125/10/1/1000000/100000000/10/iterations:5/manual_time",5,55.4661,55.5384,ms,,,,,,nan,nan,nan,nan,nan,1.25011e+06,10.0009,nan,nan,nan,5,nan,0,1.25011e+06,nan
"Morton_Nonpart_Scalar_8/Construct/137/10/1/1000000/100000000/10/iterations:5/manual_time",5,29.0511,29.1294,ms,,,,,,843.797,172.55,1.62497e+06,6806.82,6389.29,1.37011e+06,10.9609,1.32113e+06,1.29965e+08,29.0511,0,1.62958e+08,0,1.37011e+06,2.9064e+07
"Morton_Nonpart_Scalar_8/Construct/150/10/1/1000000/100000000/10/iterations:5/manual_time",5,24.6021,24.6797,ms,,,,,,693.67,117.502,1.31316e+06,5934.55,6121.41,1.5001e+06,12.0008,925116,1.10406e+08,24.6021,0,1.40258e+08,0,1.5001e+06,2.46149e+07
"Morton_Nonpart_Scalar_8/Construct/162/10/1/1000000/100000000/10/iterations:5/manual_time",5,24.0705,24.1461,ms,,,,,,657.855,95.4301,1.29343e+06,6265.78,6186.04,1.6201e+06,12.9608,866979,1.07922e+08,24.0705,0,1.38588e+08,0,1.6201e+06,2.40817e+07
"Morton_Nonpart_Scalar_8/Construct/175/10/1/1000000/100000000/10/iterations:5/manual_time",5,24.1834,24.2613,ms,,,,,,689.435,87.4431,1.29111e+06,5270.54,12727.4,1.75008e+06,14.0006,849046,1.07748e+08,24.1834,0,1.37539e+08,0,1.75008e+06,2.41962e+07
"Morton_Nonpart_Scalar_8/Construct/187/10/1/1000000/100000000/10/iterations:5/manual_time",5,24.1181,24.1957,ms,,,,,,671.202,79.2089,1.29313e+06,5886.81,8647.33,1.87008e+06,14.9606,839324,1.08231e+08,24.1181,0,1.37174e+08,0,1.87008e+06,2.41311e+07
"Morton_Nonpart_Scalar_8/Construct/200/10/1/1000000/100000000/10/iterations:5/manual_time",5,24.3168,24.3946,ms,,,,,,683.919,90.504,1.29679e+06,5289.15,14299.6,2.00006e+06,16.0005,839555,1.08888e+08,24.3168,0,1.36429e+08,0,2.00006e+06,2.43298e+07
"Morton_Nonpart_Scalar_8/Construct/212/10/1/1000000/100000000/10/iterations:5/manual_time",5,24.5413,24.6197,ms,,,,,,668.887,84.3594,1.30317e+06,5013.56,10310.6,2.12006e+06,16.9605,824681,1.08846e+08,24.5413,0,1.36694e+08,0,2.12006e+06,2.45547e+07
"Morton_Nonpart_Scalar_8/Construct/225/10/1/1000000/100000000/10/iterations:5/manual_time",5,24.3872,24.4662,ms,,,,,,671.213,107.695,1.30596e+06,5514.32,10100.5,2.25011e+06,18.0009,812840,1.08897e+08,24.3872,0,1.35972e+08,0,2.25011e+06,2.44008e+07
"Morton_Nonpart_Scalar_8/Construct/237/10/1/1000000/100000000/10/iterations:5/manual_time",5,24.5795,24.658,ms,,,,,,662.128,96.3572,1.31057e+06,5581.71,10771.1,2.37011e+06,18.9609,805510,1.09669e+08,24.5795,0,1.36153e+08,0,2.37011e+06,2.45928e+07
"Morton_Nonpart_Scalar_8/Construct/250/10/1/1000000/100000000/10/iterations:5/manual_time",5,24.5059,24.5847,ms,,,,,,685.928,94.7461,1.32144e+06,5177.59,11133.2,2.5001e+06,20.0008,796418,1.09989e+08,24.5059,0,1.36098e+08,0,2.5001e+06,2.45192e+07
"Morton_Nonpart_Scalar_8/Construct/262/10/1/1000000/100000000/10/iterations:5/manual_time",5,24.525,24.6022,ms,,,,,,679.106,43.5353,1.32525e+06,5273.86,11747.3,2.6201e+06,20.9608,789262,1.1007e+08,24.525,0,1.35854e+08,0,2.6201e+06,2.45364e+07
"Morton_Nonpart_Scalar_8/Construct/275/10/1/1000000/100000000/10/iterations:5/manual_time",5,24.561,24.6397,ms,,,,,,672.742,95.2202,1.32835e+06,5339.9,12655.7,2.75008e+06,22.0006,780595,1.1023e+08,24.561,0,1.35658e+08,0,2.75008e+06,2.45744e+07
"Morton_Nonpart_Scalar_8/Construct/287/10/1/1000000/100000000/10/iterations:5/manual_time",5,24.6227,24.7024,ms,,,,,,728.173,81.7392,1.33184e+06,5576.85,13316.3,2.87008e+06,22.9606,770298,1.10554e+08,24.6227,0,1.35945e+08,0,2.87008e+06,2.46361e+07
"Morton_Nonpart_Scalar_8/Construct/300/10/1/1000000/100000000/10/iterations:5/manual_time",5,24.6476,24.7272,ms,,,,,,697.782,82.0167,1.33859e+06,5331.05,13875.9,3.00006e+06,24.0005,765846,1.10641e+08,24.6476,0,1.35751e+08,0,3.00006e+06,2.46609e+07
"Morton_Nonpart_Scalar_8/Construct/312/10/1/1000000/100000000/10/iterations:5/manual_time",5,24.7106,24.7925,ms,,,,,,743.028,72.2438,1.33062e+06,5471.66,15090.7,3.12006e+06,24.9605,763139,1.10639e+08,24.7106,0,1.35736e+08,0,3.12006e+06,2.47246e+07
"Morton_Nonpart_Scalar_8/Construct/325/10/1/1000000/100000000/10/iterations:5/manual_time",5,24.7628,24.8438,ms,,,,,,816.841,65.4771,1.34198e+06,5863.47,15826,3.25011e+06,26.0009,757713,1.1116e+08,24.7628,0,1.36018e+08,0,3.25011e+06,2.47766e+07
"Morton_Nonpart_Scalar_16/Construct/100/10/1/1000000/100000000/10/iterations:5/manual_time",5,46.619,46.6928,ms,,,,,,nan,nan,nan,nan,nan,2.00006e+06,16.0005,nan,nan,nan,5,nan,0,2.00006e+06,nan
"Morton_Nonpart_Scalar_16/Construct/106/10/1/1000000/100000000/10/iterations:5/manual_time",5,51.6344,51.707,ms,,,,,,nan,nan,nan,nan,nan,2.12006e+06,16.9605,nan,nan,nan,5,nan,0,2.12006e+06,nan
"Morton_Nonpart_Scalar_16/Construct/112/10/1/1000000/100000000/10/iterations:5/manual_time",5,32.1469,32.2267,ms,,,,,,847.458,66.8949,1.75007e+06,6683.62,17469.4,2.24006e+06,17.9205,1.2455e+06,1.44247e+08,32.1469,0,1.39247e+08,0,2.24006e+06,3.21601e+07
"Morton_Nonpart_Scalar_16/Construct/118/10/1/1000000/100000000/10/iterations:5/manual_time",5,28.2606,28.3409,ms,,,,,,764.538,67.3092,1.48167e+06,6325.14,9947.4,2.36006e+06,18.8805,1.03116e+06,1.26912e+08,28.2606,0,1.22745e+08,0,2.36006e+06,2.82737e+07
"Morton_Nonpart_Scalar_16/Construct/125/10/1/1000000/100000000/10/iterations:5/manual_time",5,26.8774,26.9577,ms,,,,,,786.492,63.4489,1.40112e+06,6967.78,10987.6,2.5001e+06,20.0008,902748,1.20417e+08,26.8774,0,1.17245e+08,0,2.5001e+06,2.68907e+07
"Morton_Nonpart_Scalar_16/Construct/131/10/1/1000000/100000000/10/iterations:5/manual_time",5,26.3089,26.3901,ms,,,,,,798.436,70.0083,1.37984e+06,6409.15,11414.3,2.6201e+06,20.9608,853407,1.17911e+08,26.3089,0,1.15609e+08,0,2.6201e+06,2.63225e+07
"Morton_Nonpart_Scalar_16/Construct/137/10/1/1000000/100000000/10/iterations:5/manual_time",5,25.9412,26.0214,ms,,,,,,741.935,29.3852,1.3668e+06,6072.94,12712.4,2.7401e+06,21.9208,819702,1.16465e+08,25.9412,0,1.14483e+08,0,2.7401e+06,2.59543e+07
"Morton_Nonpart_Scalar_16/Construct/143/10/1/1000000/100000000/10/iterations:5/manual_time",5,25.7707,25.8506,ms,,,,,,797.854,21.1506,1.36413e+06,6356.55,13099.7,2.8601e+06,22.8808,804754,1.1548e+08,25.7707,0,1.13616e+08,0,2.8601e+06,2.57839e+07
"Morton_Nonpart_Scalar_16/Construct/150/10/1/1000000/100000000/10/iterations:5/manual_time",5,25.6384,25.7176,ms,,,,,,802.299,61.5787,1.36129e+06,6437.17,13342.1,3.00006e+06,24.0005,788425,1.14878e+08,25.6384,0,1.13016e+08,0,3.00006e+06,2.56501e+07
"Morton_Nonpart_Scalar_16/Construct/156/10/1/1000000/100000000/10/iterations:5/manual_time",5,25.5852,25.6661,ms,,,,,,826.642,50.947,1.36054e+06,6109.87,14434.9,3.12006e+06,24.9605,777725,1.14369e+08,25.5852,0,1.12601e+08,0,3.12006e+06,2.55986e+07
"Morton_Nonpart_Scalar_16/Construct/162/10/1/1000000/100000000/10/iterations:5/manual_time",5,25.6232,25.703,ms,,,,,,846.535,77.2027,1.36125e+06,6009.34,15557.9,3.24006e+06,25.9205,774943,1.14736e+08,25.6232,0,1.12708e+08,0,3.24006e+06,2.56352e+07
"Morton_Nonpart_AVX512_8/Construct/100/10/1/1000000/100000000/10/iterations:5/manual_time",5,835.814,835.879,ms,,,,,,nan,nan,nan,nan,nan,1.00006e+06,8.00051,nan,nan,nan,5,nan,16,1.00006e+06,nan
"Morton_Nonpart_AVX512_8/Construct/112/10/1/1000000/100000000/10/iterations:5/manual_time",5,846.005,846.075,ms,,,,,,nan,nan,nan,nan,nan,1.12006e+06,8.96051,nan,nan,nan,5,nan,16,1.12006e+06,nan
"Morton_Nonpart_AVX512_8/Construct/125/10/1/1000000/100000000/10/iterations:5/manual_time",5,1002.59,1002.67,ms,,,,,,nan,nan,nan,nan,nan,1.25011e+06,10.0009,nan,nan,nan,5,nan,16,1.25011e+06,nan
"Morton_Nonpart_AVX512_8/Construct/137/10/1/1000000/100000000/10/iterations:5/manual_time",5,30.5024,30.5814,ms,,,,,,862.083,102.87,1.70102e+06,7250.48,5573.39,1.37011e+06,10.9609,1.2893e+06,1.36894e+08,30.5024,0,1.54359e+08,1,1.37011e+06,3.05153e+07
"Morton_Nonpart_AVX512_8/Construct/150/10/1/1000000/100000000/10/iterations:5/manual_time",5,26.418,26.4954,ms,,,,,,776.9,52.3178,1.38982e+06,7067.29,9738.71,1.5001e+06,12.0008,934970,1.17859e+08,26.418,0,1.31929e+08,1,1.5001e+06,2.64308e+07
"Morton_Nonpart_AVX512_8/Construct/162/10/1/1000000/100000000/10/iterations:5/manual_time",5,25.8228,25.9004,ms,,,,,,730.864,53.3143,1.36406e+06,6388.37,7158.83,1.6201e+06,12.9608,871848,1.15866e+08,25.8228,0,1.29894e+08,1,1.6201e+06,2.58357e+07
"Morton_Nonpart_AVX512_8/Construct/175/10/1/1000000/100000000/10/iterations:5/manual_time",5,25.7628,25.8369,ms,,,,,,700.836,36.3359,1.35574e+06,6835.27,8140.74,1.75008e+06,14.0006,850181,1.15654e+08,25.7628,0,1.28426e+08,1,1.75008e+06,2.57735e+07
"Morton_Nonpart_AVX512_8/Construct/187/10/1/1000000/100000000/10/iterations:5/manual_time",5,25.9443,26.0206,ms,,,,,,672.23,32.205,1.36137e+06,6733.94,7743.34,1.87008e+06,14.9606,846088,1.15656e+08,25.9443,0,1.28452e+08,1,1.87008e+06,2.59574e+07
"Morton_Nonpart_AVX512_8/Construct/200/10/1/1000000/100000000/10/iterations:5/manual_time",5,26.0813,26.158,ms,,,,,,718.078,29.2289,1.36079e+06,6655.47,13549.6,2.00006e+06,16.0005,832752,1.16503e+08,26.0813,0,1.27437e+08,1,2.00006e+06,2.60944e+07
"Morton_Nonpart_AVX512_8/Construct/212/10/1/1000000/100000000/10/iterations:5/manual_time",5,26.0981,26.1762,ms,,,,,,739.712,40.109,1.36441e+06,6275.96,9297.02,2.12006e+06,16.9605,824301,1.16779e+08,26.0981,0,1.27494e+08,1,2.12006e+06,2.61117e+07
"Morton_Nonpart_AVX512_8/Construct/225/10/1/1000000/100000000/10/iterations:5/manual_time",5,26.1728,26.2501,ms,,,,,,691.278,22.5269,1.36862e+06,6914.65,11309.2,2.25011e+06,18.0009,818543,1.17186e+08,26.1728,0,1.26949e+08,1,2.25011e+06,2.61846e+07
"Morton_Nonpart_AVX512_8/Construct/237/10/1/1000000/100000000/10/iterations:5/manual_time",5,26.2078,26.2852,ms,,,,,,719.863,20.4665,1.37505e+06,6774.85,12756.7,2.37011e+06,18.9609,811745,1.17232e+08,26.2078,0,1.2677e+08,1,2.37011e+06,2.62209e+07
"Morton_Nonpart_AVX512_8/Construct/250/10/1/1000000/100000000/10/iterations:5/manual_time",5,26.2516,26.3303,ms,,,,,,710.874,28.1125,1.38394e+06,6367.47,11281.5,2.5001e+06,20.0008,805105,1.17665e+08,26.2516,0,1.26939e+08,1,2.5001e+06,2.62649e+07
"Morton_Nonpart_AVX512_8/Construct/262/10/1/1000000/100000000/10/iterations:5/manual_time",5,26.2523,26.3304,ms,,,,,,729.484,27.6426,1.39332e+06,6500.09,12049.6,2.6201e+06,20.9608,793715,1.17618e+08,26.2523,0,1.26776e+08,1,2.6201e+06,2.62655e+07
"Morton_Nonpart_AVX512_8/Construct/275/10/1/1000000/100000000/10/iterations:5/manual_time",5,26.3187,26.3968,ms,,,,,,742.262,33.4666,1.39855e+06,6575.11,12811.8,2.75008e+06,22.0006,788736,1.17964e+08,26.3187,0,1.2679e+08,1,2.75008e+06,2.63319e+07
"Morton_Nonpart_AVX512_8/Construct/287/10/1/1000000/100000000/10/iterations:5/manual_time",5,26.3748,26.455,ms,,,,,,747.825,54.7456,1.4014e+06,6566.88,13792.6,2.87008e+06,22.9606,779809,1.17695e+08,26.3748,0,1.26661e+08,1,2.87008e+06,2.63885e+07
"Morton_Nonpart_AVX512_8/Construct/300/10/1/1000000/100000000/10/iterations:5/manual_time",5,26.4121,26.4892,ms,,,,,,768.561,44.6984,1.40906e+06,6819.94,14257.5,3.00006e+06,24.0005,777440,1.18378e+08,26.4121,0,1.26708e+08,1,3.00006e+06,2.64227e+07
"Morton_Nonpart_AVX512_8/Construct/312/10/1/1000000/100000000/10/iterations:5/manual_time",5,26.4303,26.5079,ms,,,,,,757.668,44.7525,1.41793e+06,7084.89,15792.2,3.12006e+06,24.9605,768886,1.18358e+08,26.4303,0,1.26556e+08,1,3.12006e+06,2.64418e+07
"Morton_Nonpart_AVX512_8/Construct/325/10/1/1000000/100000000/10/iterations:5/manual_time",5,26.4227,26.5003,ms,,,,,,792.359,56.1844,1.42462e+06,6781.74,16142.4,3.25011e+06,26.0009,765070,1.1863e+08,26.4227,0,1.26553e+08,1,3.25011e+06,2.64346e+07
"Morton_Nonpart_AVX512_16/Construct/100/10/1/1000000/100000000/10/iterations:5/manual_time",5,707.172,707.243,ms,,,,,,nan,nan,nan,nan,nan,2.00006e+06,16.0005,nan,nan,nan,5,nan,16,2.00006e+06,nan
"Morton_Nonpart_AVX512_16/Construct/106/10/1/1000000/100000000/10/iterations:5/manual_time",5,768.263,768.332,ms,,,,,,nan,nan,nan,nan,nan,2.12006e+06,16.9605,nan,nan,nan,5,nan,16,2.12006e+06,nan
"Morton_Nonpart_AVX512_16/Construct/112/10/1/1000000/100000000/10/iterations:5/manual_time",5,31.0322,31.1126,ms,,,,,,802.561,60.8357,1.82018e+06,6521.8,16701.4,2.24006e+06,17.9205,1.25539e+06,1.3939e+08,31.0322,0,1.3382e+08,1,2.24006e+06,3.10456e+07
"Morton_Nonpart_AVX512_16/Construct/118/10/1/1000000/100000000/10/iterations:5/manual_time",5,27.4199,27.499,ms,,,,,,710.121,50.8447,1.55608e+06,6641.31,10362.4,2.36006e+06,18.8805,1.03453e+06,1.22787e+08,27.4199,0,1.1734e+08,1,2.36006e+06,2.74319e+07
"Morton_Nonpart_AVX512_16/Construct/125/10/1/1000000/100000000/10/iterations:5/manual_time",5,26.0536,26.1297,ms,,,,,,711.689,38.6072,1.48127e+06,6379.68,10662.1,2.5001e+06,20.0008,919452,1.16743e+08,26.0536,0,1.12548e+08,1,2.5001e+06,2.60625e+07
"Morton_Nonpart_AVX512_16/Construct/131/10/1/1000000/100000000/10/iterations:5/manual_time",5,25.485,25.5659,ms,,,,,,736.176,24.4923,1.46142e+06,6414.05,11438,2.6201e+06,20.9608,862522,1.14281e+08,25.485,0,1.10812e+08,1,2.6201e+06,2.54982e+07
"Morton_Nonpart_AVX512_16/Construct/137/10/1/1000000/100000000/10/iterations:5/manual_time",5,25.1983,25.2818,ms,,,,,,704.685,31.3066,1.46025e+06,5882.68,12499.7,2.7401e+06,21.9208,832862,1.1283e+08,25.1983,0,1.0989e+08,1,2.7401e+06,2.52145e+07
"Morton_Nonpart_AVX512_16/Construct/143/10/1/1000000/100000000/10/iterations:5/manual_time",5,25.0533,25.1344,ms,,,,,,691.717,32.4043,1.45794e+06,5861,13259.2,2.8601e+06,22.8808,814389,1.12176e+08,25.0533,0,1.09138e+08,1,2.8601e+06,2.50667e+07
"Morton_Nonpart_AVX512_16/Construct/150/10/1/1000000/100000000/10/iterations:5/manual_time",5,24.9327,25.0105,ms,,,,,,712.949,25.4955,1.46009e+06,6383.27,14783.9,3.00006e+06,24.0005,800503,1.11553e+08,24.9327,0,1.08811e+08,1,3.00006e+06,2.49437e+07
"Morton_Nonpart_AVX512_16/Construct/156/10/1/1000000/100000000/10/iterations:5/manual_time",5,25.0068,25.0857,ms,,,,,,712.669,36.3349,1.45859e+06,6371.99,15647.4,3.12006e+06,24.9605,791202,1.1084e+08,25.0068,0,1.08113e+08,1,3.12006e+06,2.50177e+07
"Morton_Nonpart_AVX512_16/Construct/162/10/1/1000000/100000000/10/iterations:5/manual_time",5,24.6925,24.7741,ms,,,,,,730.931,13.8465,1.47041e+06,6081.88,15453.9,3.24006e+06,25.9205,783684,1.10706e+08,24.6925,0,1.08038e+08,1,3.24006e+06,2.47063e+07
"Xor_Nonpart_Scalar_8/Construct/100/10/1/1000000/100000000/10/iterations:5/manual_time",5,615.576,615.676,ms,,,,,,nan,nan,nan,nan,nan,1.00006e+06,8.00051,nan,nan,nan,5,nan,16,1.00006e+06,nan
"Xor_Nonpart_Scalar_8/Construct/112/10/1/1000000/100000000/10/iterations:5/manual_time",5,756.026,756.114,ms,,,,,,nan,nan,nan,nan,nan,1.12006e+06,8.96051,nan,nan,nan,5,nan,16,1.12006e+06,nan
"Xor_Nonpart_Scalar_8/Construct/125/10/1/1000000/100000000/10/iterations:5/manual_time",5,76.1596,76.2627,ms,,,,,,3.02946e+06,180.341,1.30781e+07,13456.2,2.71972e+06,1.25005e+06,10.0004,1.02968e+06,3.40813e+08,76.1596,0,1.02807e+08,0,1.25005e+06,7.6173e+07
"Xor_Nonpart_Scalar_8/Construct/137/10/1/1000000/100000000/10/iterations:5/manual_time",5,82.7383,82.846,ms,,,,,,3.29407e+06,173.117,1.25506e+07,14209.1,3.21276e+06,1.37005e+06,10.9604,977408,3.70577e+08,82.7383,0,1.07099e+08,0,1.37005e+06,8.27576e+07
"Xor_Nonpart_Scalar_8/Construct/150/10/1/1000000/100000000/10/iterations:5/manual_time",5,88.8897,88.9932,ms,,,,,,3.87463e+06,186.413,1.44927e+07,15312.6,3.72942e+06,1.50003e+06,12.0003,1.18746e+06,3.96485e+08,88.8897,0,1.37419e+08,0,1.50003e+06,8.88986e+07
"Xor_Nonpart_Scalar_8/Construct/162/10/1/1000000/100000000/10/iterations:5/manual_time",5,93.6074,93.7098,ms,,,,,,3.98428e+06,127.442,1.64175e+07,15344.5,4.31653e+06,1.62003e+06,12.9603,1.38216e+06,4.19581e+08,93.6074,0,1.37311e+08,0,1.62003e+06,9.36209e+07
"Xor_Nonpart_Scalar_8/Construct/175/10/1/1000000/100000000/10/iterations:5/manual_time",5,97.902,98.0029,ms,,,,,,3.82192e+06,140.812,1.66904e+07,15891.6,4.93519e+06,1.75002e+06,14.0001,1.57511e+06,4.39289e+08,97.902,0,1.38204e+08,0,1.75002e+06,9.79171e+07
"Xor_Nonpart_Scalar_8/Construct/187/10/1/1000000/100000000/10/iterations:5/manual_time",5,101.055,101.153,ms,,,,,,3.69918e+06,152.108,1.68855e+07,16446,5.39596e+06,1.87002e+06,14.9601,1.75933e+06,4.52218e+08,101.055,0,1.39013e+08,0,1.87002e+06,1.01066e+08
"Xor_Nonpart_Scalar_8/Construct/200/10/1/1000000/100000000/10/iterations:5/manual_time",5,104.013,104.108,ms,,,,,,3.80104e+06,135.401,1.70141e+07,16295.5,5.75923e+06,2.00006e+06,16.0005,1.94572e+06,4.66409e+08,104.013,0,1.3127e+08,0,2.00006e+06,1.04019e+08
"Xor_Nonpart_Scalar_8/Construct/212/10/1/1000000/100000000/10/iterations:5/manual_time",5,106.211,106.316,ms,,,,,,3.82046e+06,162.757,1.71553e+07,16255.1,6.01605e+06,2.12006e+06,16.9605,2.25787e+06,4.76372e+08,106.211,0,1.17128e+08,0,2.12006e+06,1.06231e+08
"Xor_Nonpart_Scalar_8/Construct/225/10/1/1000000/100000000/10/iterations:5/manual_time",5,108.705,108.799,ms,,,,,,3.87253e+06,219.083,1.64541e+07,24122.1,6.01556e+06,2.25005e+06,18.0004,2.81644e+06,4.87578e+08,108.705,0,1.08611e+08,0,2.25005e+06,1.08713e+08
"Xor_Nonpart_Scalar_8/Construct/237/10/1/1000000/100000000/10/iterations:5/manual_time",5,110.309,110.416,ms,,,,,,3.96906e+06,115.801,1.60395e+07,16404.8,6.103e+06,2.37005e+06,18.9604,3.01778e+06,4.94177e+08,110.309,0,1.09565e+08,0,2.37005e+06,1.10328e+08
"Xor_Nonpart_Scalar_8/Construct/250/10/1/1000000/100000000/10/iterations:5/manual_time",5,111.935,112.039,ms,,,,,,4.21442e+06,323.1,1.56731e+07,25886.4,6.19381e+06,2.50003e+06,20.0003,3.35151e+06,5.00756e+08,111.935,0,1.14433e+08,0,2.50003e+06,1.1195e+08
"Xor_Nonpart_Scalar_8/Construct/262/10/1/1000000/100000000/10/iterations:5/manual_time",5,124.832,124.937,ms,,,,,,4.22007e+06,23803,1.68618e+07,405615,6.66175e+06,2.62003e+06,20.9603,2.71215e+06,5.5869e+08,124.832,0,1.83312e+08,0,2.62003e+06,1.24849e+08
"Xor_Nonpart_Scalar_8/Construct/275/10/1/1000000/100000000/10/iterations:5/manual_time",5,128.78,128.878,ms,,,,,,4.04759e+06,31521.9,1.72931e+07,496332,6.95036e+06,2.75002e+06,22.0001,2.45728e+06,5.76858e+08,128.78,0,2.0135e+08,0,2.75002e+06,1.28793e+08
"Xor_Nonpart_Scalar_8/Construct/287/10/1/1000000/100000000/10/iterations:5/manual_time",5,130.763,130.87,ms,,,,,,4.01302e+06,20560.4,1.7337e+07,520892,7.20606e+06,2.87002e+06,22.9601,2.52732e+06,5.86326e+08,130.763,0,2.058e+08,0,2.87002e+06,1.30783e+08
"Xor_Nonpart_Scalar_8/Construct/300/10/1/1000000/100000000/10/iterations:5/manual_time",5,118.261,118.363,ms,,,,,,4.7102e+06,784.674,1.62403e+07,45112.9,6.85e+06,3e+06,24,3.73596e+06,5.3045e+08,118.261,0,1.5415e+08,0,3e+06,1.18276e+08
"Xor_Nonpart_Scalar_8/Construct/312/10/1/1000000/100000000/10/iterations:5/manual_time",5,131.799,131.902,ms,,,,,,3.76589e+06,24183,1.78428e+07,414117,7.2901e+06,3.12e+06,24.96,2.26916e+06,5.89866e+08,131.799,0,1.87182e+08,0,3.12e+06,1.31814e+08
"Xor_Nonpart_Scalar_8/Construct/325/10/1/1000000/100000000/10/iterations:5/manual_time",5,136.497,136.6,ms,,,,,,3.44487e+06,26605.3,1.81401e+07,514703,7.53696e+06,3.25005e+06,26.0004,1.82322e+06,6.10527e+08,136.497,0,1.86814e+08,0,3.25005e+06,1.36513e+08
"Xor_Nonpart_Scalar_16/Construct/100/10/1/1000000/100000000/10/iterations:5/manual_time",5,614.599,614.685,ms,,,,,,nan,nan,nan,nan,nan,2.00006e+06,16.0005,nan,nan,nan,5,nan,16,2.00006e+06,nan
"Xor_Nonpart_Scalar_16/Construct/106/10/1/1000000/100000000/10/iterations:5/manual_time",5,679.728,679.815,ms,,,,,,nan,nan,nan,nan,nan,2.12006e+06,16.9605,nan,nan,nan,5,nan,16,2.12006e+06,nan
"Xor_Nonpart_Scalar_16/Construct/112/10/1/1000000/100000000/10/iterations:5/manual_time",5,761.13,761.222,ms,,,,,,nan,nan,nan,nan,nan,2.24006e+06,17.9205,nan,nan,nan,5,nan,16,2.24006e+06,nan
"Xor_Nonpart_Scalar_16/Construct/118/10/1/1000000/100000000/10/iterations:5/manual_time",5,848.178,848.263,ms,,,,,,nan,nan,nan,nan,nan,2.36006e+06,18.8805,nan,nan,nan,5,nan,16,2.36006e+06,nan
"Xor_Nonpart_Scalar_16/Construct/125/10/1/1000000/100000000/10/iterations:5/manual_time",5,77.5481,77.6517,ms,,,,,,3.00108e+06,123.775,1.35001e+07,13423.7,2.67943e+06,2.50003e+06,20.0003,1.0599e+06,3.47832e+08,77.5481,0,1.05791e+08,0,2.50003e+06,7.75664e+07
"Xor_Nonpart_Scalar_16/Construct/131/10/1/1000000/100000000/10/iterations:5/manual_time",5,81.5392,81.6421,ms,,,,,,3.15377e+06,121.668,1.26228e+07,13876.6,2.96822e+06,2.62003e+06,20.9603,973019,3.65408e+08,81.5392,0,1.06022e+08,0,2.62003e+06,8.15546e+07
"Xor_Nonpart_Scalar_16/Construct/137/10/1/1000000/100000000/10/iterations:5/manual_time",5,84.605,84.7048,ms,,,,,,3.3755e+06,153.357,1.28259e+07,14293.9,3.20736e+06,2.74003e+06,21.9203,963302,3.78073e+08,84.605,0,1.15211e+08,0,2.74003e+06,8.46209e+07
"Xor_Nonpart_Scalar_16/Construct/143/10/1/1000000/100000000/10/iterations:5/manual_time",5,86.932,87.0389,ms,,,,,,3.73616e+06,121.279,1.38228e+07,14499.8,3.44809e+06,2.86003e+06,22.8803,1.04803e+06,3.89978e+08,86.932,0,1.26907e+08,0,2.86003e+06,8.69515e+07
"Xor_Nonpart_Scalar_16/Construct/150/10/1/1000000/100000000/10/iterations:5/manual_time",5,90.0376,90.1421,ms,,,,,,3.92029e+06,115.302,1.47862e+07,15216.4,3.71771e+06,3e+06,24,1.14896e+06,4.03083e+08,90.0376,0,1.31301e+08,0,3e+06,9.00574e+07
"Xor_Nonpart_Scalar_16/Construct/156/10/1/1000000/100000000/10/iterations:5/manual_time",5,92.4017,92.4993,ms,,,,,,3.98853e+06,103.543,1.58834e+07,16492.9,4.02158e+06,3.12e+06,24.96,1.25044e+06,4.14603e+08,92.4017,0,1.30937e+08,0,3.12e+06,9.24155e+07
"Xor_Nonpart_Scalar_16/Construct/162/10/1/1000000/100000000/10/iterations:5/manual_time",5,94.4814,94.5902,ms,,,,,,4.01137e+06,95.7527,1.63399e+07,15430,4.37989e+06,3.24e+06,25.92,1.35845e+06,4.23796e+08,94.4814,0,1.31151e+08,0,3.24e+06,9.45016e+07
"Xor_Nonpart_AVX512_8/Construct/100/10/1/1000000/100000000/10/iterations:5/manual_time",5,679.82,679.921,ms,,,,,,nan,nan,nan,nan,nan,1.00006e+06,8.00051,nan,nan,nan,5,nan,16,1.00006e+06,nan
"Xor_Nonpart_AVX512_8/Construct/112/10/1/1000000/100000000/10/iterations:5/manual_time",5,833.361,833.444,ms,,,,,,nan,nan,nan,nan,nan,1.12006e+06,8.96051,nan,nan,nan,5,nan,16,1.12006e+06,nan
"Xor_Nonpart_AVX512_8/Construct/125/10/1/1000000/100000000/10/iterations:5/manual_time",5,222.452,222.551,ms,,,,,,4.04562e+06,228.581,1.27457e+07,30074.5,2.35371e+06,1.25005e+06,10.0004,746432,9.9708e+08,222.452,0,2.66669e+08,0,1.25005e+06,2.22467e+08
"Xor_Nonpart_AVX512_8/Construct/137/10/1/1000000/100000000/10/iterations:5/manual_time",5,240.997,241.096,ms,,,,,,3.77899e+06,346.938,1.33495e+07,29590.1,2.81827e+06,1.37005e+06,10.9604,985541,1.08049e+09,240.997,0,2.4039e+08,0,1.37005e+06,2.4101e+08
"Xor_Nonpart_AVX512_8/Construct/150/10/1/1000000/100000000/10/iterations:5/manual_time",5,256.111,256.215,ms,,,,,,4.29925e+06,278.688,1.39738e+07,32004,3.37024e+06,1.50003e+06,12.0003,915126,1.14829e+09,256.111,0,2.64444e+08,0,1.50003e+06,2.56128e+08
"Xor_Nonpart_AVX512_8/Construct/162/10/1/1000000/100000000/10/iterations:5/manual_time",5,267.664,267.765,ms,,,,,,4.18547e+06,263.598,1.47294e+07,32428.1,3.84073e+06,1.62003e+06,12.9603,1.03476e+06,1.20171e+09,267.664,0,2.51186e+08,0,1.62003e+06,2.67678e+08
"Xor_Nonpart_AVX512_8/Construct/175/10/1/1000000/100000000/10/iterations:5/manual_time",5,282.599,282.707,ms,,,,,,4.32003e+06,296.484,1.34537e+07,35309.5,4.35282e+06,1.75002e+06,14.0001,988079,1.24695e+09,282.599,0,2.47935e+08,0,1.75002e+06,2.82618e+08
"Xor_Nonpart_AVX512_8/Construct/187/10/1/1000000/100000000/10/iterations:5/manual_time",5,288.617,288.719,ms,,,,,,4.69944e+06,277.973,1.42911e+07,34574.3,4.61485e+06,1.87002e+06,14.9601,920942,1.29249e+09,288.617,0,2.96619e+08,0,1.87002e+06,2.88631e+08
"Xor_Nonpart_AVX512_8/Construct/200/10/1/1000000/100000000/10/iterations:5/manual_time",5,296.952,297.043,ms,,,,,,4.69799e+06,218.292,1.53978e+07,33334,4.91384e+06,2.00006e+06,16.0005,936982,1.33116e+09,296.952,0,3.13059e+08,0,2.00006e+06,2.96957e+08
"Xor_Nonpart_AVX512_8/Construct/212/10/1/1000000/100000000/10/iterations:5/manual_time",5,304.301,304.39,ms,,,,,,4.47903e+06,266.613,1.47812e+07,35354.4,5.10717e+06,2.12006e+06,16.9605,957614,1.36418e+09,304.301,0,2.96447e+08,0,2.12006e+06,3.04307e+08
"Xor_Nonpart_AVX512_8/Construct/225/10/1/1000000/100000000/10/iterations:5/manual_time",5,311.168,311.261,ms,,,,,,4.73182e+06,182.47,1.41583e+07,34804.7,5.2087e+06,2.25005e+06,18.0004,863808,1.39468e+09,311.168,0,3.01808e+08,0,2.25005e+06,3.11176e+08
"Xor_Nonpart_AVX512_8/Construct/237/10/1/1000000/100000000/10/iterations:5/manual_time",5,317.175,317.271,ms,,,,,,5.04337e+06,190.145,1.45023e+07,36315.9,5.28633e+06,2.37005e+06,18.9604,860145,1.42208e+09,317.175,0,3.37766e+08,0,2.37005e+06,3.17186e+08
"Xor_Nonpart_AVX512_8/Construct/250/10/1/1000000/100000000/10/iterations:5/manual_time",5,323.047,323.148,ms,,,,,,4.90481e+06,336.632,1.5826e+07,36107.4,5.30213e+06,2.50003e+06,20.0003,897627,1.4468e+09,323.047,0,3.64546e+08,0,2.50003e+06,3.23062e+08
"Xor_Nonpart_AVX512_8/Construct/262/10/1/1000000/100000000/10/iterations:5/manual_time",5,327.106,327.198,ms,,,,,,4.8513e+06,335.892,1.65741e+07,36453,5.3691e+06,2.62003e+06,20.9603,857214,1.46717e+09,327.106,0,3.65e+08,0,2.62003e+06,3.27114e+08
"Xor_Nonpart_AVX512_8/Construct/275/10/1/1000000/100000000/10/iterations:5/manual_time",5,331.812,331.906,ms,,,,,,4.79923e+06,314.95,1.68301e+07,38170.4,5.55161e+06,2.75002e+06,22.0001,821770,1.48711e+09,331.812,0,3.56263e+08,0,2.75002e+06,3.3182e+08
"Xor_Nonpart_AVX512_8/Construct/287/10/1/1000000/100000000/10/iterations:5/manual_time",5,335.334,335.435,ms,,,,,,4.7584e+06,296.55,1.62848e+07,37828.1,5.59082e+06,2.87002e+06,22.9601,837708,1.50499e+09,335.334,0,3.45776e+08,0,2.87002e+06,3.3535e+08
"Xor_Nonpart_AVX512_8/Construct/300/10/1/1000000/100000000/10/iterations:5/manual_time",5,339.1,339.201,ms,,,,,,4.75496e+06,238.083,1.5598e+07,37653.7,5.63589e+06,3e+06,24,867600,1.52252e+09,339.1,0,3.38154e+08,0,3e+06,3.39115e+08
"Xor_Nonpart_AVX512_8/Construct/312/10/1/1000000/100000000/10/iterations:5/manual_time",5,342.753,342.854,ms,,,,,,4.75444e+06,286.666,1.52773e+07,38916.8,5.6188e+06,3.12e+06,24.96,873146,1.53703e+09,342.753,0,3.46174e+08,0,3.12e+06,3.42769e+08
"Xor_Nonpart_AVX512_8/Construct/325/10/1/1000000/100000000/10/iterations:5/manual_time",5,362.763,362.865,ms,,,,,,4.77115e+06,28318.5,1.66701e+07,478347,6.72346e+06,3.25005e+06,26.0004,804173,1.62579e+09,362.763,0,3.71175e+08,0,3.25005e+06,3.62776e+08
"Xor_Nonpart_AVX512_16/Construct/100/10/1/1000000/100000000/10/iterations:5/manual_time",5,677.195,677.262,ms,,,,,,nan,nan,nan,nan,nan,2.00006e+06,16.0005,nan,nan,nan,5,nan,16,2.00006e+06,nan
"Xor_Nonpart_AVX512_16/Construct/106/10/1/1000000/100000000/10/iterations:5/manual_time",5,753.149,753.237,ms,,,,,,nan,nan,nan,nan,nan,2.12006e+06,16.9605,nan,nan,nan,5,nan,16,2.12006e+06,nan
"Xor_Nonpart_AVX512_16/Construct/112/10/1/1000000/100000000/10/iterations:5/manual_time",5,839.423,839.508,ms,,,,,,nan,nan,nan,nan,nan,2.24006e+06,17.9205,nan,nan,nan,5,nan,16,2.24006e+06,nan
"Xor_Nonpart_AVX512_16/Construct/118/10/1/1000000/100000000/10/iterations:5/manual_time",5,944.98,945.043,ms,,,,,,nan,nan,nan,nan,nan,2.36006e+06,18.8805,nan,nan,nan,5,nan,16,2.36006e+06,nan
"Xor_Nonpart_AVX512_16/Construct/125/10/1/1000000/100000000/10/iterations:5/manual_time",5,225.122,225.221,ms,,,,,,4.05403e+06,388.904,1.32507e+07,36232.4,2.41647e+06,2.50003e+06,20.0003,750483,1.00716e+09,225.122,0,2.7285e+08,0,2.50003e+06,2.25134e+08
"Xor_Nonpart_AVX512_16/Construct/131/10/1/1000000/100000000/10/iterations:5/manual_time",5,235.318,235.418,ms,,,,,,3.83319e+06,522.247,1.434e+07,34493.9,2.63015e+06,2.62003e+06,20.9603,924558,1.05046e+09,235.318,0,2.65225e+08,0,2.62003e+06,2.35331e+08
"Xor_Nonpart_AVX512_16/Construct/137/10/1/1000000/100000000/10/iterations:5/manual_time",5,243.081,243.182,ms,,,,,,3.79687e+06,438.137,1.31699e+07,31978.3,2.81994e+06,2.74003e+06,21.9203,977293,1.08909e+09,243.081,0,2.43585e+08,0,2.74003e+06,2.43097e+08
"Xor_Nonpart_AVX512_16/Construct/143/10/1/1000000/100000000/10/iterations:5/manual_time",5,250.765,250.86,ms,,,,,,4.09626e+06,390.427,1.28301e+07,33368.9,3.06438e+06,2.86003e+06,22.8803,927147,1.12194e+09,250.765,0,2.51017e+08,0,2.86003e+06,2.50771e+08
"Xor_Nonpart_AVX512_16/Construct/150/10/1/1000000/100000000/10/iterations:5/manual_time",5,258.449,258.544,ms,,,,,,4.29563e+06,413.687,1.44214e+07,33812.3,3.44025e+06,3e+06,24,921801,1.15706e+09,258.449,0,2.67088e+08,0,3e+06,2.58458e+08
"Xor_Nonpart_AVX512_16/Construct/156/10/1/1000000/100000000/10/iterations:5/manual_time",5,264.758,264.85,ms,,,,,,4.29338e+06,438.549,1.50565e+07,33321.4,3.68754e+06,3.12e+06,24.96,988116,1.18523e+09,264.758,0,2.60678e+08,0,3.12e+06,2.64761e+08
"Xor_Nonpart_AVX512_16/Construct/162/10/1/1000000/100000000/10/iterations:5/manual_time",5,270.778,270.88,ms,,,,,,4.15455e+06,477.543,1.44284e+07,32582.6,3.84814e+06,3.24e+06,25.92,1.0391e+06,1.20911e+09,270.778,0,2.41403e+08,0,3.24e+06,2.7079e+08
