name,iterations,real_time,cpu_time,time_unit,bytes_per_second,items_per_second,label,error_occurred,error_message,"DTLB-misses","ITLB-misses","L1D-misses","L1I-misses","LLC-misses","avg_size","bits","branch-misses","cycles","duration","failures","fpr","instructions","retries","size","task-clock"
"VQF_Nonpart_Scalar_8/MTCount/100/10/1/100000000/100000000/10/iterations:5/manual_time",5,5.76e-05,0.0912892,ms,,,,,,nan,nan,nan,nan,nan,1e+08,8,nan,nan,nan,5,-1,nan,16,1e+08,nan
"VQF_Nonpart_Scalar_8/MTCount/112/10/1/100000000/100000000/10/iterations:5/manual_time",5,894.079,0.545718,ms,,,,,,1.90565e+08,3981.48,5.34136e+08,997427,3.00471e+08,1.12e+08,8.96,1.84452e+08,3.51627e+10,894.079,0,0.00417038,1.28898e+10,0,1.12e+08,8.81898e+09
"VQF_Nonpart_Scalar_8/MTCount/125/10/1/100000000/100000000/10/iterations:5/manual_time",5,885.836,0.513015,ms,,,,,,1.91505e+08,4526.48,5.32148e+08,949908,3.02867e+08,1.25e+08,10,1.74973e+08,3.48899e+10,885.836,0,0.00373801,1.26823e+10,0,1.25e+08,8.75362e+09
"VQF_Nonpart_Scalar_8/MTCount/137/10/1/100000000/100000000/10/iterations:5/manual_time",5,880.035,0.510822,ms,,,,,,1.92326e+08,4755.71,5.31315e+08,978995,3.04045e+08,1.37e+08,10.96,1.66949e+08,3.45789e+10,880.035,0,0.00340872,1.25143e+10,0,1.37e+08,8.70242e+09
"VQF_Nonpart_Scalar_8/MTCount/150/10/1/100000000/100000000/10/iterations:5/manual_time",5,874.95,0.56731,ms,,,,,,1.93071e+08,4746.2,5.3023e+08,978294,3.04892e+08,1.5e+08,12,1.59368e+08,3.44114e+10,874.95,0,0.00311389,1.23874e+10,0,1.5e+08,8.64542e+09
"VQF_Nonpart_Scalar_8/MTCount/162/10/1/100000000/100000000/10/iterations:5/manual_time",5,868.697,0.577162,ms,,,,,,1.93526e+08,4284.66,5.29747e+08,956600,3.05611e+08,1.62e+08,12.96,1.53409e+08,3.41791e+10,868.697,0,0.00288778,1.22888e+10,0,1.62e+08,8.5821e+09
"VQF_Nonpart_Scalar_8/MTCount/175/10/1/100000000/100000000/10/iterations:5/manual_time",5,866.332,0.543687,ms,,,,,,1.93809e+08,5119.4,5.28317e+08,982905,3.06312e+08,1.75e+08,14,1.47628e+08,3.41081e+10,866.332,0,0.00267182,1.21845e+10,0,1.75e+08,8.55585e+09
"VQF_Nonpart_Scalar_8/MTCount/187/10/1/100000000/100000000/10/iterations:5/manual_time",5,863.322,0.566459,ms,,,,,,1.94235e+08,5235.63,5.27443e+08,1.01018e+06,3.06852e+08,1.87e+08,14.96,1.42624e+08,3.39378e+10,863.322,0,0.0025011,1.20912e+10,0,1.87e+08,8.51245e+09
"VQF_Nonpart_Scalar_8/MTCount/200/10/1/100000000/100000000/10/iterations:5/manual_time",5,860.398,0.563544,ms,,,,,,1.94604e+08,4411.77,5.26467e+08,950117,3.07358e+08,2e+08,16,1.3771e+08,3.38276e+10,860.398,0,0.00234014,1.20072e+10,0,2e+08,8.48992e+09
"VQF_Nonpart_Scalar_8/MTCount/212/10/1/100000000/100000000/10/iterations:5/manual_time",5,901.993,0.563723,ms,,,,,,1.9553e+08,5133.77,5.3418e+08,1.00666e+06,3.12996e+08,2.12e+08,16.96,1.33682e+08,3.54355e+10,901.993,0,0.00220707,1.19645e+10,0,2.12e+08,8.8934e+09
"VQF_Nonpart_Scalar_8/MTCount/225/10/1/100000000/100000000/10/iterations:5/manual_time",5,855.554,0.548114,ms,,,,,,1.95253e+08,4255.62,5.25453e+08,916965,3.07398e+08,2.25e+08,18,1.29661e+08,3.36127e+10,855.554,0,0.00208027,1.18776e+10,0,2.25e+08,8.43526e+09
"VQF_Nonpart_Scalar_8/MTCount/237/10/1/100000000/100000000/10/iterations:5/manual_time",5,854.625,0.610255,ms,,,,,,1.95532e+08,4304.07,5.2531e+08,920300,3.07434e+08,2.37e+08,18.96,1.26425e+08,3.3571e+10,854.625,0,0.00197596,1.18163e+10,0,2.37e+08,8.43086e+09
"VQF_Nonpart_Scalar_8/MTCount/250/10/1/100000000/100000000/10/iterations:5/manual_time",5,852.706,0.563487,ms,,,,,,1.95634e+08,4893.67,5.24159e+08,945943,3.07437e+08,2.5e+08,20,1.23143e+08,3.34471e+10,852.706,0,0.00186709,1.17718e+10,0,2.5e+08,8.39781e+09
"VQF_Nonpart_Scalar_8/MTCount/262/10/1/100000000/100000000/10/iterations:5/manual_time",5,854.208,0.551916,ms,,,,,,1.96037e+08,6964.5,5.23255e+08,975211,3.07009e+08,2.62e+08,20.96,1.20413e+08,3.35404e+10,854.208,0,0.00178398,1.17208e+10,0,2.62e+08,8.42382e+09
"VQF_Nonpart_Scalar_8/MTCount/275/10/1/100000000/100000000/10/iterations:5/manual_time",5,851.179,0.559271,ms,,,,,,1.96155e+08,4832.39,5.22392e+08,918558,3.06902e+08,2.75e+08,22,1.1761e+08,3.34252e+10,851.179,0,0.00170732,1.16713e+10,0,2.75e+08,8.40621e+09
"VQF_Nonpart_Scalar_8/MTCount/287/10/1/100000000/100000000/10/iterations:5/manual_time",5,847.362,0.525065,ms,,,,,,1.96204e+08,4553.43,5.22262e+08,929881,3.0666e+08,2.87e+08,22.96,1.15111e+08,3.33038e+10,847.362,0,0.00162876,1.16436e+10,0,2.87e+08,8.36728e+09
"VQF_Nonpart_Scalar_8/MTCount/300/10/1/100000000/100000000/10/iterations:5/manual_time",5,848.208,0.599698,ms,,,,,,1.9642e+08,5053.62,5.21702e+08,948528,3.06373e+08,3e+08,24,1.12803e+08,3.33087e+10,848.208,0,0.00155964,1.16136e+10,0,3e+08,8.36977e+09
"VQF_Nonpart_Scalar_8/MTCount/312/10/1/100000000/100000000/10/iterations:5/manual_time",5,845.729,0.561461,ms,,,,,,1.96458e+08,5194.7,5.21341e+08,960060,3.06113e+08,3.12e+08,24.96,1.10783e+08,3.32106e+10,845.729,0,0.0015,1.15775e+10,0,3.12e+08,8.35367e+09
"VQF_Nonpart_Scalar_8/MTCount/325/10/1/100000000/100000000/10/iterations:5/manual_time",5,846.535,0.558949,ms,,,,,,1.9681e+08,4454.23,5.20654e+08,913601,3.05596e+08,3.25e+08,26,1.08727e+08,3.32444e+10,846.535,0,0.00144044,1.15374e+10,0,3.25e+08,8.36881e+09
"VQF_Nonpart_Scalar_16/MTCount/100/10/1/100000000/100000000/10/iterations:5/manual_time",5,5.44e-05,0.0872516,ms,,,,,,nan,nan,nan,nan,nan,2e+08,16,nan,nan,nan,5,-1,nan,16,2e+08,nan
"VQF_Nonpart_Scalar_16/MTCount/106/10/1/100000000/100000000/10/iterations:5/manual_time",5,8.7e-05,0.130242,ms,,,,,,nan,nan,nan,nan,nan,2.12e+08,16.96,nan,nan,nan,5,-1,nan,16,2.12e+08,nan
"VQF_Nonpart_Scalar_16/MTCount/112/10/1/100000000/100000000/10/iterations:5/manual_time",5,950.575,0.567601,ms,,,,,,1.95387e+08,6131.93,5.63261e+08,915564,3.42024e+08,2.24e+08,17.92,1.50399e+08,3.70658e+10,950.575,0,2.13444e-05,1.06326e+10,0,2.24e+08,9.29378e+09
"VQF_Nonpart_Scalar_16/MTCount/118/10/1/100000000/100000000/10/iterations:5/manual_time",5,940.188,0.52121,ms,,,,,,1.9589e+08,5828.96,5.56936e+08,920673,3.36679e+08,2.36e+08,18.88,1.46352e+08,3.66286e+10,940.188,0,2.04111e-05,1.05655e+10,0,2.36e+08,9.21953e+09
"VQF_Nonpart_Scalar_16/MTCount/125/10/1/100000000/100000000/10/iterations:5/manual_time",5,928.949,0.548699,ms,,,,,,1.9587e+08,5761.74,5.50415e+08,915182,3.31313e+08,2.5e+08,20,1.42866e+08,3.62826e+10,928.949,0,1.89222e-05,1.05086e+10,0,2.5e+08,9.09404e+09
"VQF_Nonpart_Scalar_16/MTCount/131/10/1/100000000/100000000/10/iterations:5/manual_time",5,920.442,0.612157,ms,,,,,,1.95736e+08,5814.14,5.44526e+08,890691,3.27589e+08,2.62e+08,20.96,1.39513e+08,3.59459e+10,920.442,0,1.84333e-05,1.04512e+10,0,2.62e+08,9.01716e+09
"VQF_Nonpart_Scalar_16/MTCount/137/10/1/100000000/100000000/10/iterations:5/manual_time",5,912.059,0.576013,ms,,,,,,1.96117e+08,5921.54,5.39471e+08,891661,3.23771e+08,2.74e+08,21.92,1.36189e+08,3.51727e+10,912.059,0,1.77111e-05,1.03729e+10,0,2.74e+08,8.84483e+09
"VQF_Nonpart_Scalar_16/MTCount/143/10/1/100000000/100000000/10/iterations:5/manual_time",5,901.784,0.58549,ms,,,,,,1.96283e+08,5897.21,5.35393e+08,895964,3.19425e+08,2.86e+08,22.88,1.32899e+08,3.50383e+10,901.784,0,1.70889e-05,1.03587e+10,0,2.86e+08,8.78897e+09
"VQF_Nonpart_Scalar_16/MTCount/150/10/1/100000000/100000000/10/iterations:5/manual_time",5,892.413,0.56449,ms,,,,,,1.96122e+08,6293.41,5.29969e+08,903863,3.15546e+08,3e+08,24,1.29541e+08,3.48134e+10,892.413,0,1.66667e-05,1.02925e+10,0,3e+08,8.73584e+09
"VQF_Nonpart_Scalar_16/MTCount/156/10/1/100000000/100000000/10/iterations:5/manual_time",5,884.312,0.655448,ms,,,,,,1.96299e+08,6126.72,5.25315e+08,879143,3.12385e+08,3.12e+08,24.96,1.26594e+08,3.44288e+10,884.312,0,1.53444e-05,1.02463e+10,0,3.12e+08,8.64387e+09
"VQF_Nonpart_Scalar_16/MTCount/162/10/1/100000000/100000000/10/iterations:5/manual_time",5,876.171,0.556036,ms,,,,,,1.96408e+08,5889.8,5.22345e+08,864705,3.09111e+08,3.24e+08,25.92,1.23416e+08,3.39262e+10,876.171,0,1.45222e-05,1.02113e+10,0,3.24e+08,8.53387e+09
"VQF_Nonpart_AVX512_8/MTCount/100/10/1/100000000/100000000/10/iterations:5/manual_time",5,0.0001212,0.154476,ms,,,,,,nan,nan,nan,nan,nan,1e+08,8,nan,nan,nan,5,-1,nan,16,1e+08,nan
"VQF_Nonpart_AVX512_8/MTCount/112/10/1/100000000/100000000/10/iterations:5/manual_time",5,966.072,0.59922,ms,,,,,,1.90579e+08,6316.61,5.50108e+08,1.03934e+06,3.13769e+08,1.12e+08,8.96,8.14634e+07,3.81557e+10,966.072,0,0.00417362,1.23163e+10,0,1.12e+08,9.56251e+09
"VQF_Nonpart_AVX512_8/MTCount/125/10/1/100000000/100000000/10/iterations:5/manual_time",5,969.96,0.547636,ms,,,,,,1.91447e+08,6924.59,5.51017e+08,1.04112e+06,3.1786e+08,1.25e+08,10,8.09282e+07,3.82723e+10,969.96,0,0.00374603,1.22274e+10,0,1.25e+08,9.60467e+09
"VQF_Nonpart_AVX512_8/MTCount/137/10/1/100000000/100000000/10/iterations:5/manual_time",5,966.898,0.53093,ms,,,,,,1.92061e+08,6440.25,5.51461e+08,1.01597e+06,3.21013e+08,1.37e+08,10.96,8.06389e+07,3.81813e+10,966.898,0,0.0034149,1.21517e+10,0,1.37e+08,9.57506e+09
"VQF_Nonpart_AVX512_8/MTCount/150/10/1/100000000/100000000/10/iterations:5/manual_time",5,969.557,0.536696,ms,,,,,,1.92735e+08,6524.1,5.51663e+08,1.06072e+06,3.23364e+08,1.5e+08,12,8.01841e+07,3.82723e+10,969.557,0,0.00311684,1.20776e+10,0,1.5e+08,9.60413e+09
"VQF_Nonpart_AVX512_8/MTCount/162/10/1/100000000/100000000/10/iterations:5/manual_time",5,968.999,0.548152,ms,,,,,,1.93151e+08,6404.12,5.51516e+08,1.01299e+06,3.25329e+08,1.62e+08,12.96,7.96947e+07,3.82833e+10,968.999,0,0.0028877,1.20133e+10,0,1.62e+08,9.61058e+09
"VQF_Nonpart_AVX512_8/MTCount/175/10/1/100000000/100000000/10/iterations:5/manual_time",5,971.293,0.51659,ms,,,,,,1.93558e+08,6065.75,5.51383e+08,1.01481e+06,3.2709e+08,1.75e+08,14,7.90387e+07,3.82695e+10,971.293,0,0.00266998,1.19663e+10,0,1.75e+08,9.60686e+09
"VQF_Nonpart_AVX512_8/MTCount/187/10/1/100000000/100000000/10/iterations:5/manual_time",5,972.777,0.57198,ms,,,,,,1.94016e+08,6282.97,5.51319e+08,1.01319e+06,3.28246e+08,1.87e+08,14.96,7.82452e+07,3.83391e+10,972.777,0,0.00250654,1.19209e+10,0,1.87e+08,9.63574e+09
"VQF_Nonpart_AVX512_8/MTCount/200/10/1/100000000/100000000/10/iterations:5/manual_time",5,970.851,0.540519,ms,,,,,,1.94133e+08,6024.61,5.51373e+08,997380,3.29711e+08,2e+08,16,7.75674e+07,3.82571e+10,970.851,0,0.002346,1.18872e+10,0,2e+08,9.60226e+09
"VQF_Nonpart_AVX512_8/MTCount/212/10/1/100000000/100000000/10/iterations:5/manual_time",5,970.71,0.583134,ms,,,,,,1.94515e+08,6127.25,5.51449e+08,1.00642e+06,3.30241e+08,2.12e+08,16.96,7.68458e+07,3.82885e+10,970.71,0,0.00221317,1.18549e+10,0,2.12e+08,9.61391e+09
"VQF_Nonpart_AVX512_8/MTCount/225/10/1/100000000/100000000/10/iterations:5/manual_time",5,971.402,0.587316,ms,,,,,,1.94848e+08,5666.33,5.51312e+08,996905,3.31094e+08,2.25e+08,18,7.61139e+07,3.82642e+10,971.402,0,0.00208816,1.18196e+10,0,2.25e+08,9.61545e+09
"VQF_Nonpart_AVX512_8/MTCount/237/10/1/100000000/100000000/10/iterations:5/manual_time",5,971.631,0.587654,ms,,,,,,1.95065e+08,7970.35,5.51207e+08,1.07425e+06,3.32009e+08,2.37e+08,18.96,7.54025e+07,3.8351e+10,971.631,0,0.00198343,1.17968e+10,0,2.37e+08,9.62948e+09
"VQF_Nonpart_AVX512_8/MTCount/250/10/1/100000000/100000000/10/iterations:5/manual_time",5,972.305,0.590374,ms,,,,,,1.95234e+08,6507.8,5.51042e+08,1.02048e+06,3.32312e+08,2.5e+08,20,7.48079e+07,3.83237e+10,972.305,0,0.00187243,1.17682e+10,0,2.5e+08,9.62169e+09
"VQF_Nonpart_AVX512_8/MTCount/262/10/1/100000000/100000000/10/iterations:5/manual_time",5,970.899,0.550459,ms,,,,,,1.95316e+08,6072.29,5.51116e+08,1.00002e+06,3.32808e+08,2.62e+08,20.96,7.41178e+07,3.8282e+10,970.899,0,0.00178452,1.17493e+10,0,2.62e+08,9.61027e+09
"VQF_Nonpart_AVX512_8/MTCount/275/10/1/100000000/100000000/10/iterations:5/manual_time",5,971.046,0.549202,ms,,,,,,1.95622e+08,5823.73,5.51352e+08,988466,3.33236e+08,2.75e+08,22,7.3457e+07,3.82894e+10,971.046,0,0.00170851,1.17236e+10,0,2.75e+08,9.62251e+09
"VQF_Nonpart_AVX512_8/MTCount/287/10/1/100000000/100000000/10/iterations:5/manual_time",5,972.463,0.563537,ms,,,,,,1.95697e+08,5643.59,5.51529e+08,993460,3.33454e+08,2.87e+08,22.96,7.29614e+07,3.82585e+10,972.463,0,0.00163506,1.17074e+10,0,2.87e+08,9.59817e+09
"VQF_Nonpart_AVX512_8/MTCount/300/10/1/100000000/100000000/10/iterations:5/manual_time",5,971.581,0.581832,ms,,,,,,1.95864e+08,6344.4,5.51036e+08,1.02805e+06,3.34033e+08,3e+08,24,7.24137e+07,3.83273e+10,971.581,0,0.00156586,1.16827e+10,0,3e+08,9.61918e+09
"VQF_Nonpart_AVX512_8/MTCount/312/10/1/100000000/100000000/10/iterations:5/manual_time",5,973.357,0.614008,ms,,,,,,1.96009e+08,6072.18,5.51229e+08,1.0122e+06,3.34305e+08,3.12e+08,24.96,7.18812e+07,3.82934e+10,973.357,0,0.00150582,1.16649e+10,0,3.12e+08,9.61385e+09
"VQF_Nonpart_AVX512_8/MTCount/325/10/1/100000000/100000000/10/iterations:5/manual_time",5,973.522,0.546025,ms,,,,,,1.96235e+08,7582.55,5.50944e+08,1.06686e+06,3.34217e+08,3.25e+08,26,7.13766e+07,3.83502e+10,973.522,0,0.00144278,1.16493e+10,0,3.25e+08,9.62912e+09
"VQF_Nonpart_AVX512_16/MTCount/100/10/1/100000000/100000000/10/iterations:5/manual_time",5,9.8e-05,0.139219,ms,,,,,,nan,nan,nan,nan,nan,2e+08,16,nan,nan,nan,5,-1,nan,16,2e+08,nan
"VQF_Nonpart_AVX512_16/MTCount/106/10/1/100000000/100000000/10/iterations:5/manual_time",5,5.32e-05,0.0861568,ms,,,,,,nan,nan,nan,nan,nan,2.12e+08,16.96,nan,nan,nan,5,-1,nan,16,2.12e+08,nan
"VQF_Nonpart_AVX512_16/MTCount/112/10/1/100000000/100000000/10/iterations:5/manual_time",5,6.34e-05,0.102916,ms,,,,,,nan,nan,nan,nan,nan,2.24e+08,17.92,nan,nan,nan,5,-1,nan,16,2.24e+08,nan
"VQF_Nonpart_AVX512_16/MTCount/118/10/1/100000000/100000000/10/iterations:5/manual_time",5,732.864,0.540763,ms,,,,,,1.9443e+08,3575.41,4.13901e+08,751633,2.06923e+08,2.36e+08,18.88,2.11258e+07,2.88668e+10,732.864,0,2.09111e-05,1.05551e+10,0,2.36e+08,7.24088e+09
"VQF_Nonpart_AVX512_16/MTCount/125/10/1/100000000/100000000/10/iterations:5/manual_time",5,736.953,0.513447,ms,,,,,,1.94577e+08,3943.16,4.14655e+08,783463,2.07515e+08,2.5e+08,20,2.10381e+07,2.90142e+10,736.953,0,1.87333e-05,1.05648e+10,0,2.5e+08,7.27698e+09
"VQF_Nonpart_AVX512_16/MTCount/131/10/1/100000000/100000000/10/iterations:5/manual_time",5,740.375,0.538635,ms,,,,,,1.9482e+08,3563.44,4.15517e+08,763138,2.08049e+08,2.62e+08,20.96,2.09296e+07,2.91632e+10,740.375,0,1.87111e-05,1.05657e+10,0,2.62e+08,7.30766e+09
"VQF_Nonpart_AVX512_16/MTCount/137/10/1/100000000/100000000/10/iterations:5/manual_time",5,742.948,0.604581,ms,,,,,,1.95095e+08,4150.46,4.15999e+08,787688,2.08719e+08,2.74e+08,21.92,2.0813e+07,2.91575e+10,742.948,0,1.79333e-05,1.0567e+10,0,2.74e+08,7.31527e+09
"VQF_Nonpart_AVX512_16/MTCount/143/10/1/100000000/100000000/10/iterations:5/manual_time",5,743.964,0.527902,ms,,,,,,1.95352e+08,4054.76,4.16688e+08,810531,2.0909e+08,2.86e+08,22.88,2.07084e+07,2.93095e+10,743.964,0,1.69e-05,1.05679e+10,0,2.86e+08,7.35371e+09
"VQF_Nonpart_AVX512_16/MTCount/150/10/1/100000000/100000000/10/iterations:5/manual_time",5,748.331,0.585694,ms,,,,,,1.95402e+08,4170.34,4.16454e+08,818553,2.09613e+08,3e+08,24,2.06416e+07,2.93338e+10,748.331,0,1.60556e-05,1.05484e+10,0,3e+08,7.36748e+09
"VQF_Nonpart_AVX512_16/MTCount/156/10/1/100000000/100000000/10/iterations:5/manual_time",5,750.286,0.591677,ms,,,,,,1.95833e+08,4083.56,4.16669e+08,809494,2.1e+08,3.12e+08,24.96,2.05088e+07,2.94723e+10,750.286,0,1.53667e-05,1.05257e+10,0,3.12e+08,7.41561e+09
"VQF_Nonpart_AVX512_16/MTCount/162/10/1/100000000/100000000/10/iterations:5/manual_time",5,752.147,0.547454,ms,,,,,,1.95984e+08,3684.87,4.17468e+08,802345,2.10389e+08,3.24e+08,25.92,2.04586e+07,2.9491e+10,752.147,0,1.44667e-05,1.0534e+10,0,3.24e+08,7.41476e+09
"Cuckoo_Nonpart_Scalar_8/MTCount/100/10/1/100000000/100000000/10/iterations:5/manual_time",5,5.42e-05,0.0873498,ms,,,,,,nan,nan,nan,nan,nan,1e+08,8,nan,nan,nan,5,-1,nan,0,1e+08,nan
"Cuckoo_Nonpart_Scalar_8/MTCount/112/10/1/100000000/100000000/10/iterations:5/manual_time",5,459.121,0.563243,ms,,,,,,1.88482e+08,3711.73,4.03201e+08,619243,1.86446e+08,1.12e+08,8.96,35853.4,1.72566e+10,459.121,0,0.0277416,4.78173e+09,0,1.12e+08,4.36484e+09
"Cuckoo_Nonpart_Scalar_8/MTCount/125/10/1/100000000/100000000/10/iterations:5/manual_time",5,467.897,0.672437,ms,,,,,,1.89915e+08,3425.93,4.04359e+08,620745,1.90674e+08,1.25e+08,10,37763.3,1.77425e+10,467.897,0,0.0248872,4.76477e+09,0,1.25e+08,4.48253e+09
"Cuckoo_Nonpart_Scalar_8/MTCount/137/10/1/100000000/100000000/10/iterations:5/manual_time",5,467.021,0.584418,ms,,,,,,1.90844e+08,3033.04,4.0633e+08,590967,1.93129e+08,1.37e+08,10.96,37062.3,1.76216e+10,467.021,0,0.0227565,4.78322e+09,0,1.37e+08,4.4231e+09
"Cuckoo_Nonpart_Scalar_8/MTCount/150/10/1/100000000/100000000/10/iterations:5/manual_time",5,471.255,0.572076,ms,,,,,,1.91114e+08,3201.45,4.08248e+08,602854,1.96538e+08,1.5e+08,12,36952.2,1.79163e+10,471.255,0,0.0208002,4.80008e+09,0,1.5e+08,4.49093e+09
"Cuckoo_Nonpart_Scalar_8/MTCount/162/10/1/100000000/100000000/10/iterations:5/manual_time",5,474.452,0.54932,ms,,,,,,1.91407e+08,3195.25,4.10215e+08,597685,1.98896e+08,1.62e+08,12.96,37272.9,1.80847e+10,474.452,0,0.0192511,4.8016e+09,0,1.62e+08,4.53769e+09
"Cuckoo_Nonpart_Scalar_8/MTCount/175/10/1/100000000/100000000/10/iterations:5/manual_time",5,476.91,0.504745,ms,,,,,,1.92614e+08,2887.09,4.11056e+08,588510,2.00614e+08,1.75e+08,14,36599.3,1.80118e+10,476.91,0,0.0178391,4.78739e+09,0,1.75e+08,4.53531e+09
"Cuckoo_Nonpart_Scalar_8/MTCount/187/10/1/100000000/100000000/10/iterations:5/manual_time",5,481.226,0.574552,ms,,,,,,1.93219e+08,3056.17,4.11835e+08,611730,2.01999e+08,1.87e+08,14.96,37392.2,1.83087e+10,481.226,0,0.0167163,4.78701e+09,0,1.87e+08,4.60536e+09
"Cuckoo_Nonpart_Scalar_8/MTCount/200/10/1/100000000/100000000/10/iterations:5/manual_time",5,485.565,0.560448,ms,,,,,,1.9398e+08,2771.69,4.12445e+08,593965,2.03377e+08,2e+08,16,36385.7,1.83595e+10,485.565,0,0.0156363,4.77997e+09,0,2e+08,4.62829e+09
"Cuckoo_Nonpart_Scalar_8/MTCount/212/10/1/100000000/100000000/10/iterations:5/manual_time",5,486.006,0.560667,ms,,,,,,1.94238e+08,3161.64,4.12793e+08,590141,2.05172e+08,2.12e+08,16.96,37784.2,1.83999e+10,486.006,0,0.0147596,4.77904e+09,0,2.12e+08,4.62951e+09
"Cuckoo_Nonpart_Scalar_8/MTCount/225/10/1/100000000/100000000/10/iterations:5/manual_time",5,490.245,0.553392,ms,,,,,,1.9431e+08,4763.23,4.14151e+08,624613,2.06437e+08,2.25e+08,18,39686,1.85112e+10,490.245,0,0.0139102,4.79057e+09,0,2.25e+08,4.66169e+09
"Cuckoo_Nonpart_Scalar_8/MTCount/237/10/1/100000000/100000000/10/iterations:5/manual_time",5,492.66,0.608621,ms,,,,,,1.94975e+08,3499.39,4.14103e+08,620757,2.07193e+08,2.37e+08,18.96,38257,1.87847e+10,492.66,0,0.0132162,4.77036e+09,0,2.37e+08,4.75478e+09
"Cuckoo_Nonpart_Scalar_8/MTCount/250/10/1/100000000/100000000/10/iterations:5/manual_time",5,494.693,0.549235,ms,,,,,,1.94844e+08,3044.07,4.14589e+08,582701,2.08354e+08,2.5e+08,20,38046.6,1.87143e+10,494.693,0,0.0125324,4.77497e+09,0,2.5e+08,4.71976e+09
"Cuckoo_Nonpart_Scalar_8/MTCount/262/10/1/100000000/100000000/10/iterations:5/manual_time",5,496.209,0.531405,ms,,,,,,1.95011e+08,3066.27,4.15549e+08,598500,2.09196e+08,2.62e+08,20.96,40002.8,1.87625e+10,496.209,0,0.0119621,4.77672e+09,0,2.62e+08,4.72766e+09
"Cuckoo_Nonpart_Scalar_8/MTCount/275/10/1/100000000/100000000/10/iterations:5/manual_time",5,497.638,0.601084,ms,,,,,,1.95094e+08,2749.18,4.14927e+08,591719,2.10288e+08,2.75e+08,22,39633.4,1.89768e+10,497.638,0,0.0114042,4.7619e+09,0,2.75e+08,4.76946e+09
"Cuckoo_Nonpart_Scalar_8/MTCount/287/10/1/100000000/100000000/10/iterations:5/manual_time",5,499.946,0.577573,ms,,,,,,1.95206e+08,3057.62,4.15622e+08,589683,2.1086e+08,2.87e+08,22.96,40243.8,1.91615e+10,499.946,0,0.0109395,4.77555e+09,0,2.87e+08,4.81139e+09
"Cuckoo_Nonpart_Scalar_8/MTCount/300/10/1/100000000/100000000/10/iterations:5/manual_time",5,501.395,0.580057,ms,,,,,,1.957e+08,3096.57,4.16252e+08,598881,2.11411e+08,3e+08,24,40519.9,1.92455e+10,501.395,0,0.0104644,4.77705e+09,0,3e+08,4.83745e+09
"Cuckoo_Nonpart_Scalar_8/MTCount/312/10/1/100000000/100000000/10/iterations:5/manual_time",5,501.948,0.595475,ms,,,,,,1.95616e+08,2588.09,4.17553e+08,571305,2.11809e+08,3.12e+08,24.96,39298.7,1.92309e+10,501.948,0,0.0100643,4.80123e+09,0,3.12e+08,4.82597e+09
"Cuckoo_Nonpart_Scalar_8/MTCount/325/10/1/100000000/100000000/10/iterations:5/manual_time",5,503.631,0.584482,ms,,,,,,1.95407e+08,2887.7,4.17913e+08,597565,2.12246e+08,3.25e+08,26,41095.3,1.92704e+10,503.631,0,0.00966696,4.80393e+09,0,3.25e+08,4.8264e+09
"Cuckoo_Nonpart_Scalar_16/MTCount/100/10/1/100000000/100000000/10/iterations:5/manual_time",5,8.84e-05,0.133175,ms,,,,,,nan,nan,nan,nan,nan,2e+08,16,nan,nan,nan,5,-1,nan,0,2e+08,nan
"Cuckoo_Nonpart_Scalar_16/MTCount/106/10/1/100000000/100000000/10/iterations:5/manual_time",5,0.0001022,0.144599,ms,,,,,,nan,nan,nan,nan,nan,2.12e+08,16.96,nan,nan,nan,5,-1,nan,0,2.12e+08,nan
"Cuckoo_Nonpart_Scalar_16/MTCount/112/10/1/100000000/100000000/10/iterations:5/manual_time",5,4.84e-05,0.0874266,ms,,,,,,nan,nan,nan,nan,nan,2.24e+08,17.92,nan,nan,nan,5,-1,nan,0,2.24e+08,nan
"Cuckoo_Nonpart_Scalar_16/MTCount/118/10/1/100000000/100000000/10/iterations:5/manual_time",5,497.668,0.541331,ms,,,,,,1.94668e+08,2703.38,4.14323e+08,625523,2.07087e+08,2.36e+08,18.88,38302.5,1.89184e+10,497.668,0,5.3e-05,4.9785e+09,0,2.36e+08,4.74982e+09
"Cuckoo_Nonpart_Scalar_16/MTCount/125/10/1/100000000/100000000/10/iterations:5/manual_time",5,500.126,0.495766,ms,,,,,,1.9507e+08,2910.91,4.14623e+08,605361,2.07737e+08,2.5e+08,20,37584.3,1.90226e+10,500.126,0,4.95889e-05,4.98947e+09,0,2.5e+08,4.76986e+09
"Cuckoo_Nonpart_Scalar_16/MTCount/131/10/1/100000000/100000000/10/iterations:5/manual_time",5,503.543,0.57007,ms,,,,,,1.94806e+08,2827.22,4.15376e+08,629740,2.09168e+08,2.62e+08,20.96,40817,1.94227e+10,503.543,0,4.69556e-05,4.99331e+09,0,2.62e+08,4.87245e+09
"Cuckoo_Nonpart_Scalar_16/MTCount/137/10/1/100000000/100000000/10/iterations:5/manual_time",5,505.028,0.563083,ms,,,,,,1.94922e+08,2445.18,4.16281e+08,611137,2.10046e+08,2.74e+08,21.92,39368.8,1.92861e+10,505.028,0,4.54111e-05,4.99833e+09,0,2.74e+08,4.83893e+09
"Cuckoo_Nonpart_Scalar_16/MTCount/143/10/1/100000000/100000000/10/iterations:5/manual_time",5,507.131,0.51858,ms,,,,,,1.95254e+08,2757.55,4.17282e+08,622103,2.10503e+08,2.86e+08,22.88,38600,1.94948e+10,507.131,0,4.34667e-05,5.00329e+09,0,2.86e+08,4.89592e+09
"Cuckoo_Nonpart_Scalar_16/MTCount/150/10/1/100000000/100000000/10/iterations:5/manual_time",5,508.598,0.599712,ms,,,,,,1.95306e+08,2642.12,4.17359e+08,646466,2.11117e+08,3e+08,24,41043.3,1.95167e+10,508.598,0,4.14e-05,4.99621e+09,0,3e+08,4.90527e+09
"Cuckoo_Nonpart_Scalar_16/MTCount/156/10/1/100000000/100000000/10/iterations:5/manual_time",5,510.511,0.602399,ms,,,,,,1.95558e+08,2568.53,4.1827e+08,634797,2.11343e+08,3.12e+08,24.96,38884.6,1.96412e+10,510.511,0,3.93333e-05,5.00468e+09,0,3.12e+08,4.93109e+09
"Cuckoo_Nonpart_Scalar_16/MTCount/162/10/1/100000000/100000000/10/iterations:5/manual_time",5,511.982,0.528707,ms,,,,,,1.95849e+08,2628.3,4.18448e+08,628527,2.11879e+08,3.24e+08,25.92,39389.8,1.95738e+10,511.982,0,3.80111e-05,4.99564e+09,0,3.24e+08,4.92182e+09
"Cuckoo_Nonpart_AVX512_8/MTCount/100/10/1/100000000/100000000/10/iterations:5/manual_time",5,5.08e-05,0.0891768,ms,,,,,,nan,nan,nan,nan,nan,1e+08,8,nan,nan,nan,5,-1,nan,0,1e+08,nan
"Cuckoo_Nonpart_AVX512_8/MTCount/112/10/1/100000000/100000000/10/iterations:5/manual_time",5,264.963,0.600056,ms,,,,,,1.89039e+08,2766.97,3.90764e+08,524115,1.74763e+08,1.12e+08,8.96,21063.5,1.02703e+10,264.963,0,0.0277416,8.5302e+08,0,1.12e+08,2.60724e+09
"Cuckoo_Nonpart_AVX512_8/MTCount/125/10/1/100000000/100000000/10/iterations:5/manual_time",5,269.528,0.555023,ms,,,,,,1.90272e+08,2578.51,3.90935e+08,499736,1.79593e+08,1.25e+08,10,20044.2,1.03635e+10,269.528,0,0.0248872,8.40869e+08,0,1.25e+08,2.66257e+09
"Cuckoo_Nonpart_AVX512_8/MTCount/137/10/1/100000000/100000000/10/iterations:5/manual_time",5,273.107,0.537878,ms,,,,,,1.91154e+08,2766.72,3.88127e+08,461470,1.83658e+08,1.37e+08,10.96,22525.8,1.06316e+10,273.107,0,0.0227565,8.30372e+08,0,1.37e+08,2.70397e+09
"Cuckoo_Nonpart_AVX512_8/MTCount/150/10/1/100000000/100000000/10/iterations:5/manual_time",5,277.516,0.520611,ms,,,,,,1.90996e+08,2879.62,3.90869e+08,443384,1.86299e+08,1.5e+08,12,24425.4,1.08995e+10,277.516,0,0.0208002,8.42955e+08,0,1.5e+08,2.74221e+09
"Cuckoo_Nonpart_AVX512_8/MTCount/162/10/1/100000000/100000000/10/iterations:5/manual_time",5,279.827,0.565459,ms,,,,,,1.89204e+08,2634.51,3.96012e+08,434379,1.88504e+08,1.62e+08,12.96,24700.2,1.10591e+10,279.827,0,0.0192511,8.56283e+08,0,1.62e+08,2.7706e+09
"Cuckoo_Nonpart_AVX512_8/MTCount/175/10/1/100000000/100000000/10/iterations:5/manual_time",5,282.627,0.574697,ms,,,,,,1.90285e+08,2387.85,3.98133e+08,463162,1.90065e+08,1.75e+08,14,25416.2,1.11727e+10,282.627,0,0.0178391,8.56348e+08,0,1.75e+08,2.79906e+09
"Cuckoo_Nonpart_AVX512_8/MTCount/187/10/1/100000000/100000000/10/iterations:5/manual_time",5,284.439,0.518741,ms,,,,,,1.90477e+08,2147.33,3.99896e+08,435955,1.91398e+08,1.87e+08,14.96,24375.5,1.1263e+10,284.439,0,0.0167163,8.56208e+08,0,1.87e+08,2.82151e+09
"Cuckoo_Nonpart_AVX512_8/MTCount/200/10/1/100000000/100000000/10/iterations:5/manual_time",5,287.059,0.510342,ms,,,,,,1.92203e+08,1942.63,4.00609e+08,474991,1.91271e+08,2e+08,16,24908.6,1.13427e+10,287.059,0,0.0156363,8.5616e+08,0,2e+08,2.84109e+09
"Cuckoo_Nonpart_AVX512_8/MTCount/212/10/1/100000000/100000000/10/iterations:5/manual_time",5,288.75,0.521779,ms,,,,,,1.92993e+08,2054.63,4.01619e+08,449004,1.91855e+08,2.12e+08,16.96,24063.5,1.14087e+10,288.75,0,0.0147596,8.56218e+08,0,2.12e+08,2.85772e+09
"Cuckoo_Nonpart_AVX512_8/MTCount/225/10/1/100000000/100000000/10/iterations:5/manual_time",5,290.495,0.531036,ms,,,,,,1.94219e+08,2032.62,4.02089e+08,473418,1.92566e+08,2.25e+08,18,23327.7,1.14802e+10,290.495,0,0.0139102,8.56158e+08,0,2.25e+08,2.87674e+09
"Cuckoo_Nonpart_AVX512_8/MTCount/237/10/1/100000000/100000000/10/iterations:5/manual_time",5,291.82,0.549762,ms,,,,,,1.95012e+08,2158.08,4.02781e+08,469515,1.93769e+08,2.37e+08,18.96,22338.7,1.15076e+10,291.82,0,0.0132162,8.56091e+08,0,2.37e+08,2.89016e+09
"Cuckoo_Nonpart_AVX512_8/MTCount/250/10/1/100000000/100000000/10/iterations:5/manual_time",5,293.564,0.573682,ms,,,,,,1.95309e+08,2290.14,4.03621e+08,468798,1.94641e+08,2.5e+08,20,22191,1.15416e+10,293.564,0,0.0125324,8.56239e+08,0,2.5e+08,2.90363e+09
"Cuckoo_Nonpart_AVX512_8/MTCount/262/10/1/100000000/100000000/10/iterations:5/manual_time",5,294.702,0.523724,ms,,,,,,1.95535e+08,2467.62,4.03828e+08,475118,1.96231e+08,2.62e+08,20.96,22333.3,1.1554e+10,294.702,0,0.0119621,8.55452e+08,0,2.62e+08,2.9151e+09
"Cuckoo_Nonpart_AVX512_8/MTCount/275/10/1/100000000/100000000/10/iterations:5/manual_time",5,296.746,0.505862,ms,,,,,,1.95844e+08,2323.99,4.03869e+08,448500,1.97352e+08,2.75e+08,22,22749.4,1.15619e+10,296.746,0,0.0114042,8.53365e+08,0,2.75e+08,2.92214e+09
"Cuckoo_Nonpart_AVX512_8/MTCount/287/10/1/100000000/100000000/10/iterations:5/manual_time",5,295.818,0.522035,ms,,,,,,1.95968e+08,2362.29,4.04763e+08,429433,1.97919e+08,2.87e+08,22.96,22015.3,1.15363e+10,295.818,0,0.0109395,8.50935e+08,0,2.87e+08,2.93532e+09
"Cuckoo_Nonpart_AVX512_8/MTCount/300/10/1/100000000/100000000/10/iterations:5/manual_time",5,296.99,0.551578,ms,,,,,,1.96154e+08,2258.94,4.05281e+08,443815,1.98585e+08,3e+08,24,21785.8,1.15713e+10,296.99,0,0.0104644,8.51215e+08,0,3e+08,2.94333e+09
"Cuckoo_Nonpart_AVX512_8/MTCount/312/10/1/100000000/100000000/10/iterations:5/manual_time",5,297.717,0.523673,ms,,,,,,1.96297e+08,2473.56,4.05283e+08,454143,1.99232e+08,3.12e+08,24.96,22707.8,1.15781e+10,297.717,0,0.0100643,8.49457e+08,0,3.12e+08,2.95283e+09
"Cuckoo_Nonpart_AVX512_8/MTCount/325/10/1/100000000/100000000/10/iterations:5/manual_time",5,300.35,0.531713,ms,,,,,,1.96439e+08,2314.22,4.05142e+08,472105,2.00189e+08,3.25e+08,26,23370.8,1.15828e+10,300.35,0,0.00966696,8.4706e+08,0,3.25e+08,2.95723e+09
"Cuckoo_Nonpart_AVX512_16/MTCount/100/10/1/100000000/100000000/10/iterations:5/manual_time",5,9.7e-05,0.115215,ms,,,,,,nan,nan,nan,nan,nan,2e+08,16,nan,nan,nan,5,-1,nan,0,2e+08,nan
"Cuckoo_Nonpart_AVX512_16/MTCount/106/10/1/100000000/100000000/10/iterations:5/manual_time",5,8.4e-05,0.0929672,ms,,,,,,nan,nan,nan,nan,nan,2.12e+08,16.96,nan,nan,nan,5,-1,nan,0,2.12e+08,nan
"Cuckoo_Nonpart_AVX512_16/MTCount/112/10/1/100000000/100000000/10/iterations:5/manual_time",5,4.88e-05,0.0861242,ms,,,,,,nan,nan,nan,nan,nan,2.24e+08,17.92,nan,nan,nan,5,-1,nan,0,2.24e+08,nan
"Cuckoo_Nonpart_AVX512_16/MTCount/118/10/1/100000000/100000000/10/iterations:5/manual_time",5,292.811,0.499422,ms,,,,,,1.94475e+08,2296.31,4.03033e+08,479178,1.93649e+08,2.36e+08,18.88,23723.1,1.14502e+10,292.811,0,5.3e-05,7.8166e+08,0,2.36e+08,2.87544e+09
"Cuckoo_Nonpart_AVX512_16/MTCount/125/10/1/100000000/100000000/10/iterations:5/manual_time",5,293.75,0.562004,ms,,,,,,1.94879e+08,2354.47,4.03932e+08,462613,1.94824e+08,2.5e+08,20,22854.8,1.14845e+10,293.75,0,4.95889e-05,7.8184e+08,0,2.5e+08,2.89135e+09
"Cuckoo_Nonpart_AVX512_16/MTCount/131/10/1/100000000/100000000/10/iterations:5/manual_time",5,294.921,0.594627,ms,,,,,,1.95536e+08,2302.2,4.04345e+08,481057,1.95148e+08,2.62e+08,20.96,21938.6,1.15113e+10,294.921,0,4.69556e-05,7.80589e+08,0,2.62e+08,2.90178e+09
"Cuckoo_Nonpart_AVX512_16/MTCount/137/10/1/100000000/100000000/10/iterations:5/manual_time",5,296.23,0.575111,ms,,,,,,1.95706e+08,2451.56,4.04816e+08,476642,1.96109e+08,2.74e+08,21.92,22727.5,1.1546e+10,296.23,0,4.54111e-05,7.80229e+08,0,2.74e+08,2.91175e+09
"Cuckoo_Nonpart_AVX512_16/MTCount/143/10/1/100000000/100000000/10/iterations:5/manual_time",5,297.401,0.514988,ms,,,,,,1.95887e+08,2194.43,4.05261e+08,444933,1.96348e+08,2.86e+08,22.88,22658.8,1.15795e+10,297.401,0,4.34667e-05,7.79396e+08,0,2.86e+08,2.92086e+09
"Cuckoo_Nonpart_AVX512_16/MTCount/150/10/1/100000000/100000000/10/iterations:5/manual_time",5,298.511,0.514469,ms,,,,,,1.96277e+08,2330.8,4.05259e+08,452513,1.97982e+08,3e+08,24,22851.3,1.15826e+10,298.511,0,4.14e-05,7.7699e+08,0,3e+08,2.93044e+09
"Cuckoo_Nonpart_AVX512_16/MTCount/156/10/1/100000000/100000000/10/iterations:5/manual_time",5,299.401,0.487187,ms,,,,,,1.96428e+08,2284,4.0585e+08,451821,1.98893e+08,3.12e+08,24.96,22916.6,1.162e+10,299.401,0,3.93333e-05,7.76694e+08,0,3.12e+08,2.93792e+09
"Cuckoo_Nonpart_AVX512_16/MTCount/162/10/1/100000000/100000000/10/iterations:5/manual_time",5,299.708,0.526888,ms,,,,,,1.96623e+08,2950.39,4.05099e+08,477792,1.99798e+08,3.24e+08,25.92,23274,1.15448e+10,299.708,0,3.80111e-05,7.72887e+08,0,3.24e+08,2.94756e+09
"Fuse_Nonpart_Scalar_8/MTCount/100/10/1/100000000/100000000/10/iterations:5/manual_time",5,9.42e-05,0.095442,ms,,,,,,nan,nan,nan,nan,nan,1e+08,8.00001,nan,nan,nan,5,-1,nan,16,1e+08,nan
"Fuse_Nonpart_Scalar_8/MTCount/112/10/1/100000000/100000000/10/iterations:5/manual_time",5,580.475,0.59277,ms,,,,,,2.82594e+08,3881.59,5.79237e+08,701114,2.58938e+08,1.12e+08,8.96001,39807.9,1.97493e+10,580.475,0,0.00390772,4.60035e+09,0,1.12e+08,4.95886e+09
"Fuse_Nonpart_Scalar_8/MTCount/125/10/1/100000000/100000000/10/iterations:5/manual_time",5,573.6,0.631265,ms,,,,,,2.84359e+08,3827.87,5.82524e+08,679731,2.63055e+08,1.25e+08,10,38340.8,1.95037e+10,573.6,0,0.00391051,4.59766e+09,0,1.25e+08,4.90999e+09
"Fuse_Nonpart_Scalar_8/MTCount/137/10/1/100000000/100000000/10/iterations:5/manual_time",5,578.811,0.706155,ms,,,,,,2.86204e+08,3664.91,5.85387e+08,672976,2.67521e+08,1.37e+08,10.96,37737.1,1.97724e+10,578.811,0,0.00390832,4.5821e+09,0,1.37e+08,4.98271e+09
"Fuse_Nonpart_Scalar_8/MTCount/150/10/1/100000000/100000000/10/iterations:5/manual_time",5,588.707,0.599316,ms,,,,,,2.87392e+08,3926.62,5.86113e+08,671950,2.72153e+08,1.5e+08,12,40215.7,2.00163e+10,588.707,0,0.00390778,4.57195e+09,0,1.5e+08,5.04119e+09
"Fuse_Nonpart_Scalar_8/MTCount/162/10/1/100000000/100000000/10/iterations:5/manual_time",5,589.229,0.602934,ms,,,,,,2.87978e+08,3601.4,5.88934e+08,656112,2.75501e+08,1.62e+08,12.96,39611.2,2.01567e+10,589.229,0,0.00390552,4.58701e+09,0,1.62e+08,5.06562e+09
"Fuse_Nonpart_Scalar_8/MTCount/175/10/1/100000000/100000000/10/iterations:5/manual_time",5,593.084,0.677731,ms,,,,,,2.88407e+08,3664.13,5.91418e+08,710840,2.80554e+08,1.75e+08,14,42196.7,2.04478e+10,593.084,0,0.00390108,4.59323e+09,0,1.75e+08,5.13118e+09
"Fuse_Nonpart_Scalar_8/MTCount/187/10/1/100000000/100000000/10/iterations:5/manual_time",5,599.511,0.650359,ms,,,,,,2.89339e+08,3694.26,5.93337e+08,689022,2.83456e+08,1.87e+08,14.96,41056.1,2.06895e+10,599.511,0,0.00390701,4.59636e+09,0,1.87e+08,5.19233e+09
"Fuse_Nonpart_Scalar_8/MTCount/200/10/1/100000000/100000000/10/iterations:5/manual_time",5,603.36,0.675076,ms,,,,,,2.90375e+08,3538.1,5.93635e+08,658485,2.83549e+08,2e+08,16,39612.8,2.08621e+10,603.36,0,0.00390018,4.59204e+09,0,2e+08,5.23676e+09
"Fuse_Nonpart_Scalar_8/MTCount/212/10/1/100000000/100000000/10/iterations:5/manual_time",5,607.196,0.63442,ms,,,,,,2.90786e+08,3401.08,5.95472e+08,655706,2.85045e+08,2.12e+08,16.96,40049,2.09472e+10,607.196,0,0.00390568,4.59871e+09,0,2.12e+08,5.25228e+09
"Fuse_Nonpart_Scalar_8/MTCount/225/10/1/100000000/100000000/10/iterations:5/manual_time",5,614.757,0.707831,ms,,,,,,2.91196e+08,3989.51,5.97623e+08,692360,2.86412e+08,2.25e+08,18,40692.5,2.11199e+10,614.757,0,0.00389743,4.60329e+09,0,2.25e+08,5.30698e+09
"Fuse_Nonpart_Scalar_8/MTCount/237/10/1/100000000/100000000/10/iterations:5/manual_time",5,616.025,0.589519,ms,,,,,,2.92042e+08,3486.9,5.98662e+08,657613,2.87918e+08,2.37e+08,18.96,40008.5,2.12163e+10,616.025,0,0.00390057,4.59333e+09,0,2.37e+08,5.33804e+09
"Fuse_Nonpart_Scalar_8/MTCount/250/10/1/100000000/100000000/10/iterations:5/manual_time",5,620.371,0.642969,ms,,,,,,2.92661e+08,3741.86,5.9892e+08,652872,2.894e+08,2.5e+08,20,41145.2,2.12583e+10,620.371,0,0.00389198,4.58192e+09,0,2.5e+08,5.36786e+09
"Fuse_Nonpart_Scalar_8/MTCount/262/10/1/100000000/100000000/10/iterations:5/manual_time",5,622.687,0.649386,ms,,,,,,2.92799e+08,3706.27,5.98969e+08,659821,2.9066e+08,2.62e+08,20.96,42353.5,2.13473e+10,622.687,0,0.00388819,4.57505e+09,0,2.62e+08,5.38884e+09
"Fuse_Nonpart_Scalar_8/MTCount/275/10/1/100000000/100000000/10/iterations:5/manual_time",5,634.809,0.660057,ms,,,,,,2.93248e+08,3345.76,5.99392e+08,645002,2.91796e+08,2.75e+08,22,42548,2.14589e+10,634.809,0,0.00390007,4.57615e+09,0,2.75e+08,5.39975e+09
"Fuse_Nonpart_Scalar_8/MTCount/287/10/1/100000000/100000000/10/iterations:5/manual_time",5,631.773,0.694201,ms,,,,,,2.9357e+08,3788.89,5.99414e+08,647702,2.92912e+08,2.87e+08,22.96,43263.8,2.15573e+10,631.773,0,0.00390013,4.56556e+09,0,2.87e+08,5.42729e+09
"Fuse_Nonpart_Scalar_8/MTCount/300/10/1/100000000/100000000/10/iterations:5/manual_time",5,632.726,0.627403,ms,,,,,,2.93672e+08,3328.91,6.01064e+08,630574,2.93517e+08,3e+08,24,42391.1,2.17104e+10,632.726,0,0.00389571,4.58559e+09,0,3e+08,5.43829e+09
"Fuse_Nonpart_Scalar_8/MTCount/312/10/1/100000000/100000000/10/iterations:5/manual_time",5,631.79,0.685445,ms,,,,,,2.93776e+08,3730.71,6.01556e+08,652599,2.94545e+08,3.12e+08,24.96,43345.8,2.167e+10,631.79,0,0.00389354,4.5842e+09,0,3.12e+08,5.44511e+09
"Fuse_Nonpart_Scalar_8/MTCount/325/10/1/100000000/100000000/10/iterations:5/manual_time",5,644.999,0.673514,ms,,,,,,2.93598e+08,3277.9,6.02703e+08,652079,2.95626e+08,3.25e+08,26,43789.2,2.18953e+10,644.999,0,0.00390038,4.59201e+09,0,3.25e+08,5.4871e+09
"Fuse_Nonpart_Scalar_16/MTCount/100/10/1/100000000/100000000/10/iterations:5/manual_time",5,3.9e-05,0.0656828,ms,,,,,,nan,nan,nan,nan,nan,2e+08,16,nan,nan,nan,5,-1,nan,16,2e+08,nan
"Fuse_Nonpart_Scalar_16/MTCount/106/10/1/100000000/100000000/10/iterations:5/manual_time",5,3.56e-05,0.0656334,ms,,,,,,nan,nan,nan,nan,nan,2.12e+08,16.96,nan,nan,nan,5,-1,nan,16,2.12e+08,nan
"Fuse_Nonpart_Scalar_16/MTCount/112/10/1/100000000/100000000/10/iterations:5/manual_time",5,670.999,0.652053,ms,,,,,,2.91205e+08,3620.71,5.96021e+08,693700,2.87175e+08,2.24e+08,17.92,45477.4,2.27013e+10,670.999,0,1.45111e-05,4.88598e+09,0,2.24e+08,5.70745e+09
"Fuse_Nonpart_Scalar_16/MTCount/118/10/1/100000000/100000000/10/iterations:5/manual_time",5,685.649,0.638096,ms,,,,,,2.91494e+08,3496.82,5.97829e+08,696638,2.89516e+08,2.36e+08,18.88,46190.4,2.30678e+10,685.649,0,1.50778e-05,4.89101e+09,0,2.36e+08,5.77496e+09
"Fuse_Nonpart_Scalar_16/MTCount/125/10/1/100000000/100000000/10/iterations:5/manual_time",5,667.239,0.679316,ms,,,,,,2.91649e+08,3575.84,5.98715e+08,705595,2.89675e+08,2.5e+08,20,47774.6,2.30227e+10,667.239,0,1.43667e-05,4.89508e+09,0,2.5e+08,5.77698e+09
"Fuse_Nonpart_Scalar_16/MTCount/131/10/1/100000000/100000000/10/iterations:5/manual_time",5,652.256,0.626216,ms,,,,,,2.92644e+08,3469.97,5.99596e+08,702864,2.90927e+08,2.62e+08,20.96,45137.4,2.29151e+10,652.256,0,1.54444e-05,4.89535e+09,0,2.62e+08,5.75012e+09
"Fuse_Nonpart_Scalar_16/MTCount/137/10/1/100000000/100000000/10/iterations:5/manual_time",5,685.687,0.641067,ms,,,,,,2.92757e+08,3809.47,6.01225e+08,707413,2.92617e+08,2.74e+08,21.92,46950.7,2.34292e+10,685.687,0,1.57556e-05,4.9037e+09,0,2.74e+08,5.8634e+09
"Fuse_Nonpart_Scalar_16/MTCount/143/10/1/100000000/100000000/10/iterations:5/manual_time",5,671.42,0.645996,ms,,,,,,2.93179e+08,4021.66,6.01675e+08,709640,2.92209e+08,2.86e+08,22.88,45891.5,2.31883e+10,671.42,0,1.48111e-05,4.90346e+09,0,2.86e+08,5.81414e+09
"Fuse_Nonpart_Scalar_16/MTCount/150/10/1/100000000/100000000/10/iterations:5/manual_time",5,689.955,0.583802,ms,,,,,,2.93804e+08,3747.48,6.02604e+08,684690,2.93202e+08,3e+08,24,45408,2.33812e+10,689.955,0,1.58444e-05,4.89939e+09,0,3e+08,5.86417e+09
"Fuse_Nonpart_Scalar_16/MTCount/156/10/1/100000000/100000000/10/iterations:5/manual_time",5,709.469,0.636825,ms,,,,,,2.93969e+08,3728.87,6.03429e+08,704302,2.95315e+08,3.12e+08,24.96,45762.3,2.35631e+10,709.469,0,1.52667e-05,4.89739e+09,0,3.12e+08,5.91585e+09
"Fuse_Nonpart_Scalar_16/MTCount/162/10/1/100000000/100000000/10/iterations:5/manual_time",5,690.38,0.600219,ms,,,,,,2.94221e+08,3696.35,6.03752e+08,696236,2.94542e+08,3.24e+08,25.92,44675.2,2.34131e+10,690.38,0,1.61222e-05,4.89726e+09,0,3.24e+08,5.88668e+09
"Fuse_Nonpart_AVX512_8/MTCount/100/10/1/100000000/100000000/10/iterations:5/manual_time",5,3.7e-05,0.0658632,ms,,,,,,nan,nan,nan,nan,nan,1e+08,8.00001,nan,nan,nan,5,-1,nan,16,1e+08,nan
"Fuse_Nonpart_AVX512_8/MTCount/112/10/1/100000000/100000000/10/iterations:5/manual_time",5,438.162,0.582648,ms,,,,,,2.81712e+08,3538.12,5.79744e+08,628486,2.55661e+08,1.12e+08,8.96001,31966.2,1.53879e+10,438.162,0,0.00390772,7.8167e+08,0,1.12e+08,3.85512e+09
"Fuse_Nonpart_AVX512_8/MTCount/125/10/1/100000000/100000000/10/iterations:5/manual_time",5,452.005,0.578026,ms,,,,,,2.84842e+08,3594.41,5.83557e+08,605732,2.62224e+08,1.25e+08,10,29410.9,1.56181e+10,452.005,0,0.00391051,7.80849e+08,0,1.25e+08,3.93539e+09
"Fuse_Nonpart_AVX512_8/MTCount/137/10/1/100000000/100000000/10/iterations:5/manual_time",5,459.934,0.565091,ms,,,,,,2.85911e+08,3628.99,5.85504e+08,583986,2.67507e+08,1.37e+08,10.96,28740.5,1.57185e+10,459.934,0,0.00390832,7.77616e+08,0,1.37e+08,3.98332e+09
"Fuse_Nonpart_AVX512_8/MTCount/150/10/1/100000000/100000000/10/iterations:5/manual_time",5,462.411,0.596652,ms,,,,,,2.86918e+08,3778.41,5.81925e+08,544594,2.72627e+08,1.5e+08,12,33042.9,1.61641e+10,462.411,0,0.00390778,7.71205e+08,0,1.5e+08,4.06041e+09
"Fuse_Nonpart_AVX512_8/MTCount/162/10/1/100000000/100000000/10/iterations:5/manual_time",5,465.471,0.61507,ms,,,,,,2.86054e+08,3550,5.87513e+08,542786,2.75563e+08,1.62e+08,12.96,33077.1,1.63687e+10,465.471,0,0.00390552,7.82148e+08,0,1.62e+08,4.09957e+09
"Fuse_Nonpart_AVX512_8/MTCount/175/10/1/100000000/100000000/10/iterations:5/manual_time",5,481.831,0.624585,ms,,,,,,2.87693e+08,3190.24,5.91662e+08,561581,2.77796e+08,1.75e+08,14,34107.5,1.66267e+10,481.831,0,0.00390108,7.81603e+08,0,1.75e+08,4.16293e+09
"Fuse_Nonpart_AVX512_8/MTCount/187/10/1/100000000/100000000/10/iterations:5/manual_time",5,478.05,0.66395,ms,,,,,,2.88506e+08,2842.53,5.9344e+08,565224,2.78582e+08,1.87e+08,14.96,31547.1,1.67604e+10,478.05,0,0.00390701,7.82743e+08,0,1.87e+08,4.19434e+09
"Fuse_Nonpart_AVX512_8/MTCount/200/10/1/100000000/100000000/10/iterations:5/manual_time",5,481.142,0.572811,ms,,,,,,2.9058e+08,3284.21,5.94619e+08,552608,2.79731e+08,2e+08,16,31468.3,1.68347e+10,481.142,0,0.00390018,7.82474e+08,0,2e+08,4.21785e+09
"Fuse_Nonpart_AVX512_8/MTCount/212/10/1/100000000/100000000/10/iterations:5/manual_time",5,419.913,0.505939,ms,,,,,,2.91187e+08,4087.81,5.96169e+08,544487,2.82689e+08,2.12e+08,16.96,31009.7,1.6631e+10,419.913,0,0.00390568,7.82625e+08,0,2.12e+08,4.17537e+09
"Fuse_Nonpart_AVX512_8/MTCount/225/10/1/100000000/100000000/10/iterations:5/manual_time",5,422.509,0.552015,ms,,,,,,2.91739e+08,3830.92,5.974e+08,556874,2.84667e+08,2.25e+08,18,30420.4,1.66637e+10,422.509,0,0.00389743,7.81885e+08,0,2.25e+08,4.20248e+09
"Fuse_Nonpart_AVX512_8/MTCount/237/10/1/100000000/100000000/10/iterations:5/manual_time",5,425.343,0.55214,ms,,,,,,2.9218e+08,3837.37,5.97974e+08,570713,2.86261e+08,2.37e+08,18.96,30662.6,1.67071e+10,425.343,0,0.00390057,7.79709e+08,0,2.37e+08,4.22773e+09
"Fuse_Nonpart_AVX512_8/MTCount/250/10/1/100000000/100000000/10/iterations:5/manual_time",5,426.505,0.579663,ms,,,,,,2.92589e+08,4169.15,5.98445e+08,560246,2.88054e+08,2.5e+08,20,30356,1.66832e+10,426.505,0,0.00389198,7.76073e+08,0,2.5e+08,4.24314e+09
"Fuse_Nonpart_AVX512_8/MTCount/262/10/1/100000000/100000000/10/iterations:5/manual_time",5,430.235,0.564027,ms,,,,,,2.93042e+08,3754.86,5.97871e+08,549173,2.89837e+08,2.62e+08,20.96,30720.7,1.67497e+10,430.235,0,0.00388819,7.72821e+08,0,2.62e+08,4.27018e+09
"Fuse_Nonpart_AVX512_8/MTCount/275/10/1/100000000/100000000/10/iterations:5/manual_time",5,430.362,0.531978,ms,,,,,,2.93311e+08,5186.8,5.96815e+08,561216,2.91675e+08,2.75e+08,22,31786.2,1.68068e+10,430.362,0,0.00390007,7.70671e+08,0,2.75e+08,4.28171e+09
"Fuse_Nonpart_AVX512_8/MTCount/287/10/1/100000000/100000000/10/iterations:5/manual_time",5,432.249,0.52019,ms,,,,,,2.93629e+08,3582.12,5.9649e+08,496066,2.92792e+08,2.87e+08,22.96,34086.4,1.69258e+10,432.249,0,0.00390013,7.69726e+08,0,2.87e+08,4.29945e+09
"Fuse_Nonpart_AVX512_8/MTCount/300/10/1/100000000/100000000/10/iterations:5/manual_time",5,432.934,0.533299,ms,,,,,,2.93894e+08,3668.3,5.95946e+08,512511,2.93637e+08,3e+08,24,33989.8,1.70476e+10,432.934,0,0.00389571,7.68126e+08,0,3e+08,4.30442e+09
"Fuse_Nonpart_AVX512_8/MTCount/312/10/1/100000000/100000000/10/iterations:5/manual_time",5,434.46,0.535471,ms,,,,,,2.93882e+08,3442.53,5.96054e+08,508473,2.94537e+08,3.12e+08,24.96,36140.4,1.71796e+10,434.46,0,0.00389354,7.68944e+08,0,3.12e+08,4.32122e+09
"Fuse_Nonpart_AVX512_8/MTCount/325/10/1/100000000/100000000/10/iterations:5/manual_time",5,435.426,0.576337,ms,,,,,,2.93783e+08,3690.48,5.97439e+08,504530,2.95339e+08,3.25e+08,26,35545.4,1.72379e+10,435.426,0,0.00390038,7.72544e+08,0,3.25e+08,4.32985e+09
"Fuse_Nonpart_AVX512_16/MTCount/100/10/1/100000000/100000000/10/iterations:5/manual_time",5,0.0001438,0.13115,ms,,,,,,nan,nan,nan,nan,nan,2e+08,16,nan,nan,nan,5,-1,nan,16,2e+08,nan
"Fuse_Nonpart_AVX512_16/MTCount/106/10/1/100000000/100000000/10/iterations:5/manual_time",5,0.000156,0.131807,ms,,,,,,nan,nan,nan,nan,nan,2.12e+08,16.96,nan,nan,nan,5,-1,nan,16,2.12e+08,nan
"Fuse_Nonpart_AVX512_16/MTCount/112/10/1/100000000/100000000/10/iterations:5/manual_time",5,423.563,0.606007,ms,,,,,,2.91714e+08,3624.01,5.9683e+08,607833,2.84588e+08,2.24e+08,17.92,31121,1.66521e+10,423.563,0,1.45111e-05,7.8095e+08,0,2.24e+08,4.20871e+09
"Fuse_Nonpart_AVX512_16/MTCount/118/10/1/100000000/100000000/10/iterations:5/manual_time",5,425.292,0.533598,ms,,,,,,2.92133e+08,3501.21,5.97777e+08,583722,2.86232e+08,2.36e+08,18.88,31246.6,1.66889e+10,425.292,0,1.50778e-05,7.79143e+08,0,2.36e+08,4.22825e+09
"Fuse_Nonpart_AVX512_16/MTCount/125/10/1/100000000/100000000/10/iterations:5/manual_time",5,428.448,0.513614,ms,,,,,,2.92665e+08,3602.99,5.97403e+08,556363,2.88232e+08,2.5e+08,20,32436.1,1.66671e+10,428.448,0,1.43667e-05,7.74484e+08,0,2.5e+08,4.24831e+09
"Fuse_Nonpart_AVX512_16/MTCount/131/10/1/100000000/100000000/10/iterations:5/manual_time",5,429.419,0.581676,ms,,,,,,2.92991e+08,3445.86,5.97399e+08,564055,2.89727e+08,2.62e+08,20.96,31845.7,1.67389e+10,429.419,0,1.54444e-05,7.73536e+08,0,2.62e+08,4.26498e+09
"Fuse_Nonpart_AVX512_16/MTCount/137/10/1/100000000/100000000/10/iterations:5/manual_time",5,431.689,0.573075,ms,,,,,,2.93346e+08,3303.44,5.96824e+08,553116,2.91331e+08,2.74e+08,21.92,33193.2,1.68081e+10,431.689,0,1.57556e-05,7.71025e+08,0,2.74e+08,4.27875e+09
"Fuse_Nonpart_AVX512_16/MTCount/143/10/1/100000000/100000000/10/iterations:5/manual_time",5,432.302,0.548928,ms,,,,,,2.93466e+08,5180.72,5.94967e+08,561955,2.92727e+08,2.86e+08,22.88,34810.5,1.70041e+10,432.302,0,1.48111e-05,7.68244e+08,0,2.86e+08,4.29896e+09
"Fuse_Nonpart_AVX512_16/MTCount/150/10/1/100000000/100000000/10/iterations:5/manual_time",5,433.493,0.55497,ms,,,,,,2.93802e+08,3202.35,5.95227e+08,512050,2.93727e+08,3e+08,24,34303.7,1.70652e+10,433.493,0,1.58444e-05,7.68531e+08,0,3e+08,4.30926e+09
"Fuse_Nonpart_AVX512_16/MTCount/156/10/1/100000000/100000000/10/iterations:5/manual_time",5,434.621,0.535392,ms,,,,,,2.93949e+08,3237.65,5.96222e+08,489784,2.94556e+08,3.12e+08,24.96,35281.6,1.71691e+10,434.621,0,1.52667e-05,7.69837e+08,0,3.12e+08,4.32009e+09
"Fuse_Nonpart_AVX512_16/MTCount/162/10/1/100000000/100000000/10/iterations:5/manual_time",5,435.868,0.557442,ms,,,,,,2.93352e+08,3410.68,5.98361e+08,486789,2.95274e+08,3.24e+08,25.92,35928.5,1.72573e+10,435.868,0,1.61222e-05,7.76664e+08,0,3.24e+08,4.33189e+09
"Morton_Nonpart_Scalar_8/MTCount/100/10/1/100000000/100000000/10/iterations:5/manual_time",5,5.22e-05,0.086255,ms,,,,,,nan,nan,nan,nan,nan,1e+08,8.00001,nan,nan,nan,5,-1,nan,0,1e+08,nan
"Morton_Nonpart_Scalar_8/MTCount/112/10/1/100000000/100000000/10/iterations:5/manual_time",5,7.22e-05,0.0862794,ms,,,,,,nan,nan,nan,nan,nan,1.12e+08,8.96001,nan,nan,nan,5,-1,nan,0,1.12e+08,nan
"Morton_Nonpart_Scalar_8/MTCount/125/10/1/100000000/100000000/10/iterations:5/manual_time",5,5.18e-05,0.0861152,ms,,,,,,nan,nan,nan,nan,nan,1.25e+08,10,nan,nan,nan,5,-1,nan,0,1.25e+08,nan
"Morton_Nonpart_Scalar_8/MTCount/137/10/1/100000000/100000000/10/iterations:5/manual_time",5,966.765,0.662399,ms,,,,,,1.51448e+08,4679.83,4.52144e+08,1.10964e+06,2.61955e+08,1.37e+08,10.96,4.83647e+07,3.76115e+10,966.765,0,0.00433647,1.18115e+10,0,1.37e+08,9.4432e+09
"Morton_Nonpart_Scalar_8/MTCount/150/10/1/100000000/100000000/10/iterations:5/manual_time",5,741.471,0.592424,ms,,,,,,1.12262e+08,3959.05,3.47413e+08,876493,2.07481e+08,1.5e+08,12,1.69269e+07,2.89957e+10,741.471,0,0.00309967,1.00596e+10,0,1.5e+08,7.28375e+09
"Morton_Nonpart_Scalar_8/MTCount/162/10/1/100000000/100000000/10/iterations:5/manual_time",5,673.846,0.581722,ms,,,,,,1.03395e+08,3663.79,3.22479e+08,804048,1.95156e+08,1.62e+08,12.96,7.51198e+06,2.649e+10,673.846,0,0.00261586,9.52866e+09,0,1.62e+08,6.64313e+09
"Morton_Nonpart_Scalar_8/MTCount/175/10/1/100000000/100000000/10/iterations:5/manual_time",5,649.571,0.598966,ms,,,,,,1.00393e+08,3410.46,3.13447e+08,823100,1.91102e+08,1.75e+08,14,3.81637e+06,2.55578e+10,649.571,0,0.00233601,9.32325e+09,0,1.75e+08,6.42379e+09
"Morton_Nonpart_Scalar_8/MTCount/187/10/1/100000000/100000000/10/iterations:5/manual_time",5,641.257,0.538134,ms,,,,,,9.9151e+07,3429.25,3.10235e+08,790858,1.90587e+08,1.87e+08,14.96,2.45495e+06,2.53515e+10,641.257,0,0.00214803,9.24165e+09,0,1.87e+08,6.34938e+09
"Morton_Nonpart_Scalar_8/MTCount/200/10/1/100000000/100000000/10/iterations:5/manual_time",5,639.658,0.599159,ms,,,,,,9.86054e+07,3246.11,3.08614e+08,749444,1.9126e+08,2e+08,16,1.73843e+06,2.53008e+10,639.658,0,0.00199593,9.19982e+09,0,2e+08,6.33646e+09
"Morton_Nonpart_Scalar_8/MTCount/212/10/1/100000000/100000000/10/iterations:5/manual_time",5,640.162,0.540581,ms,,,,,,9.8366e+07,2909.86,3.08103e+08,772072,1.92168e+08,2.12e+08,16.96,1.35355e+06,2.53229e+10,640.162,0,0.00187771,9.17992e+09,0,2.12e+08,6.34083e+09
"Morton_Nonpart_Scalar_8/MTCount/225/10/1/100000000/100000000/10/iterations:5/manual_time",5,641.658,0.610831,ms,,,,,,9.83556e+07,2988.01,3.08142e+08,799634,1.92646e+08,2.25e+08,18,1.08032e+06,2.54019e+10,641.658,0,0.00176368,9.17138e+09,0,2.25e+08,6.35989e+09
"Morton_Nonpart_Scalar_8/MTCount/237/10/1/100000000/100000000/10/iterations:5/manual_time",5,644,0.567084,ms,,,,,,9.85345e+07,3186.86,3.08236e+08,778093,1.9311e+08,2.37e+08,18.96,896283,2.54818e+10,644,0,0.00166606,9.15928e+09,0,2.37e+08,6.38482e+09
"Morton_Nonpart_Scalar_8/MTCount/250/10/1/100000000/100000000/10/iterations:5/manual_time",5,646.042,0.597584,ms,,,,,,9.86203e+07,3246.7,3.0833e+08,800134,1.94012e+08,2.5e+08,20,742894,2.5557e+10,646.042,0,0.00157894,9.14903e+09,0,2.5e+08,6.40713e+09
"Morton_Nonpart_Scalar_8/MTCount/262/10/1/100000000/100000000/10/iterations:5/manual_time",5,648.51,0.560854,ms,,,,,,9.86946e+07,3174.97,3.08321e+08,794973,1.94725e+08,2.62e+08,20.96,634322,2.55862e+10,648.51,0,0.00150751,9.1382e+09,0,2.62e+08,6.42588e+09
"Morton_Nonpart_Scalar_8/MTCount/275/10/1/100000000/100000000/10/iterations:5/manual_time",5,651.525,0.617334,ms,,,,,,9.87789e+07,3524.89,3.08363e+08,790115,1.95752e+08,2.75e+08,22,539712,2.56002e+10,651.525,0,0.00143649,9.11581e+09,0,2.75e+08,6.45146e+09
"Morton_Nonpart_Scalar_8/MTCount/287/10/1/100000000/100000000/10/iterations:5/manual_time",5,653.735,0.595154,ms,,,,,,9.88385e+07,3783.99,3.08472e+08,802778,1.96387e+08,2.87e+08,22.96,468551,2.56474e+10,653.735,0,0.0013728,9.09744e+09,0,2.87e+08,6.46965e+09
"Morton_Nonpart_Scalar_8/MTCount/300/10/1/100000000/100000000/10/iterations:5/manual_time",5,656.816,0.604355,ms,,,,,,9.88976e+07,4386.62,3.08272e+08,821226,1.97304e+08,3e+08,24,408494,2.57445e+10,656.816,0,0.00131566,9.07205e+09,0,3e+08,6.49916e+09
"Morton_Nonpart_Scalar_8/MTCount/312/10/1/100000000/100000000/10/iterations:5/manual_time",5,658.706,0.589194,ms,,,,,,9.89342e+07,4287.93,3.07824e+08,808133,1.97986e+08,3.12e+08,24.96,363822,2.586e+10,658.706,0,0.00126042,9.05479e+09,0,3.12e+08,6.52258e+09
"Morton_Nonpart_Scalar_8/MTCount/325/10/1/100000000/100000000/10/iterations:5/manual_time",5,659.983,0.505681,ms,,,,,,9.89535e+07,4847.91,3.07719e+08,768303,1.98665e+08,3.25e+08,26,321811,2.60086e+10,659.983,0,0.00121027,9.04887e+09,0,3.25e+08,6.53652e+09
"Morton_Nonpart_Scalar_16/MTCount/100/10/1/100000000/100000000/10/iterations:5/manual_time",5,0.0001012,0.135134,ms,,,,,,nan,nan,nan,nan,nan,2e+08,16,nan,nan,nan,5,-1,nan,0,2e+08,nan
"Morton_Nonpart_Scalar_16/MTCount/106/10/1/100000000/100000000/10/iterations:5/manual_time",5,5.56e-05,0.106122,ms,,,,,,nan,nan,nan,nan,nan,2.12e+08,16.96,nan,nan,nan,5,-1,nan,0,2.12e+08,nan
"Morton_Nonpart_Scalar_16/MTCount/112/10/1/100000000/100000000/10/iterations:5/manual_time",5,923.228,0.532521,ms,,,,,,1.80608e+08,6605.62,5.2535e+08,1.02625e+06,3.17159e+08,2.24e+08,17.92,4.41235e+07,3.61828e+10,923.228,0,3.44444e-05,1.12073e+10,0,2.24e+08,9.07704e+09
"Morton_Nonpart_Scalar_16/MTCount/118/10/1/100000000/100000000/10/iterations:5/manual_time",5,880.47,0.65306,ms,,,,,,1.53589e+08,4792.18,4.52253e+08,963883,2.75442e+08,2.36e+08,18.88,4.69955e+07,3.37268e+10,880.47,0,2.83444e-05,1.03041e+10,0,2.36e+08,8.47032e+09
"Morton_Nonpart_Scalar_16/MTCount/125/10/1/100000000/100000000/10/iterations:5/manual_time",5,805.761,0.562951,ms,,,,,,1.32724e+08,4262.7,3.97551e+08,838748,2.45938e+08,2.5e+08,20,3.39549e+07,3.06001e+10,805.761,0,2.39444e-05,9.63558e+09,0,2.5e+08,7.67364e+09
"Morton_Nonpart_Scalar_16/MTCount/131/10/1/100000000/100000000/10/iterations:5/manual_time",5,767.394,0.589513,ms,,,,,,1.23579e+08,4105.76,3.72545e+08,821844,2.3214e+08,2.62e+08,20.96,2.56197e+07,2.93334e+10,767.394,0,2.19444e-05,9.2707e+09,0,2.62e+08,7.37597e+09
"Morton_Nonpart_Scalar_16/MTCount/137/10/1/100000000/100000000/10/iterations:5/manual_time",5,739.803,0.688,ms,,,,,,1.17822e+08,3846.81,3.5694e+08,821279,2.23438e+08,2.74e+08,21.92,2.00478e+07,2.78486e+10,739.803,0,2.00222e-05,9.02724e+09,0,2.74e+08,6.99596e+09
"Morton_Nonpart_Scalar_16/MTCount/143/10/1/100000000/100000000/10/iterations:5/manual_time",5,706.944,0.581864,ms,,,,,,1.13731e+08,3613.94,3.45713e+08,775848,2.17991e+08,2.86e+08,22.88,1.61945e+07,2.67214e+10,706.944,0,1.83222e-05,8.84927e+09,0,2.86e+08,6.70237e+09
"Morton_Nonpart_Scalar_16/MTCount/150/10/1/100000000/100000000/10/iterations:5/manual_time",5,686.768,0.576943,ms,,,,,,1.10864e+08,3546.91,3.37892e+08,785458,2.12879e+08,3e+08,24,1.28835e+07,2.58695e+10,686.768,0,1.68889e-05,8.71263e+09,0,3e+08,6.49103e+09
"Morton_Nonpart_Scalar_16/MTCount/156/10/1/100000000/100000000/10/iterations:5/manual_time",5,672.25,0.61213,ms,,,,,,1.08578e+08,3674.58,3.32762e+08,750855,2.10785e+08,3.12e+08,24.96,1.0869e+07,2.53094e+10,672.25,0,1.65556e-05,8.62322e+09,0,3.12e+08,6.34335e+09
"Morton_Nonpart_Scalar_16/MTCount/162/10/1/100000000/100000000/10/iterations:5/manual_time",5,675.802,0.715199,ms,,,,,,1.07407e+08,3736.02,3.2802e+08,741950,2.08991e+08,3.24e+08,25.92,9.27748e+06,2.54481e+10,675.802,0,1.55222e-05,8.50836e+09,0,3.24e+08,6.39466e+09
"Morton_Nonpart_AVX512_8/MTCount/100/10/1/100000000/100000000/10/iterations:5/manual_time",5,9.72e-05,0.130854,ms,,,,,,nan,nan,nan,nan,nan,1e+08,8.00001,nan,nan,nan,5,-1,nan,16,1e+08,nan
"Morton_Nonpart_AVX512_8/MTCount/112/10/1/100000000/100000000/10/iterations:5/manual_time",5,9.54e-05,0.12034,ms,,,,,,nan,nan,nan,nan,nan,1.12e+08,8.96001,nan,nan,nan,5,-1,nan,16,1.12e+08,nan
"Morton_Nonpart_AVX512_8/MTCount/125/10/1/100000000/100000000/10/iterations:5/manual_time",5,9.94e-05,0.140913,ms,,,,,,nan,nan,nan,nan,nan,1.25e+08,10,nan,nan,nan,5,-1,nan,16,1.25e+08,nan
"Morton_Nonpart_AVX512_8/MTCount/137/10/1/100000000/100000000/10/iterations:5/manual_time",5,530.779,0.575651,ms,,,,,,1.38695e+08,3859.12,4.07498e+08,759349,2.36718e+08,1.37e+08,10.96,41512.8,2.09223e+10,530.779,0,0.00432199,3.76827e+09,1,1.37e+08,5.27077e+09
"Morton_Nonpart_AVX512_8/MTCount/150/10/1/100000000/100000000/10/iterations:5/manual_time",5,468.516,0.581469,ms,,,,,,1.11443e+08,3845.28,3.29055e+08,671203,1.94592e+08,1.5e+08,12,39734.9,1.84429e+10,468.516,0,0.00308293,3.77056e+09,1,1.5e+08,4.64024e+09
"Morton_Nonpart_AVX512_8/MTCount/162/10/1/100000000/100000000/10/iterations:5/manual_time",5,439.335,0.644545,ms,,,,,,1.03089e+08,3558.39,3.0702e+08,644206,1.82977e+08,1.62e+08,12.96,37278.8,1.73467e+10,439.335,0,0.00261287,3.79723e+09,1,1.62e+08,4.35081e+09
"Morton_Nonpart_AVX512_8/MTCount/175/10/1/100000000/100000000/10/iterations:5/manual_time",5,427.766,0.570352,ms,,,,,,1.00523e+08,3216.24,2.99249e+08,651414,1.78661e+08,1.75e+08,14,32526,1.66601e+10,427.766,0,0.0023276,3.79694e+09,1,1.75e+08,4.22737e+09
"Morton_Nonpart_AVX512_8/MTCount/187/10/1/100000000/100000000/10/iterations:5/manual_time",5,425.281,0.589993,ms,,,,,,9.94798e+07,2984.11,2.96899e+08,639925,1.77848e+08,1.87e+08,14.96,31857.5,1.66652e+10,425.281,0,0.00214038,3.81009e+09,1,1.87e+08,4.20573e+09
"Morton_Nonpart_AVX512_8/MTCount/200/10/1/100000000/100000000/10/iterations:5/manual_time",5,426.736,0.551109,ms,,,,,,9.90435e+07,3255.27,2.95522e+08,647450,1.7875e+08,2e+08,16,31816.2,1.66683e+10,426.736,0,0.00198873,3.80316e+09,1,2e+08,4.21796e+09
"Morton_Nonpart_AVX512_8/MTCount/212/10/1/100000000/100000000/10/iterations:5/manual_time",5,431.686,0.626176,ms,,,,,,9.89027e+07,3364.95,2.94707e+08,656645,1.80126e+08,2.12e+08,16.96,32312.2,1.6774e+10,431.686,0,0.0018643,3.78417e+09,1,2.12e+08,4.25265e+09
"Morton_Nonpart_AVX512_8/MTCount/225/10/1/100000000/100000000/10/iterations:5/manual_time",5,431.088,0.549255,ms,,,,,,9.88192e+07,2906.97,2.94097e+08,628017,1.81434e+08,2.25e+08,18,33268.5,1.68225e+10,431.088,0,0.00175498,3.7687e+09,1,2.25e+08,4.27483e+09
"Morton_Nonpart_AVX512_8/MTCount/237/10/1/100000000/100000000/10/iterations:5/manual_time",5,435.368,0.553228,ms,,,,,,9.87543e+07,3058.5,2.94289e+08,634658,1.82695e+08,2.37e+08,18.96,35815.7,1.7035e+10,435.368,0,0.00166609,3.77258e+09,1,2.37e+08,4.30573e+09
"Morton_Nonpart_AVX512_8/MTCount/250/10/1/100000000/100000000/10/iterations:5/manual_time",5,441.387,0.621536,ms,,,,,,9.82582e+07,2831.55,2.94943e+08,617504,1.83897e+08,2.5e+08,20,37360.8,1.73465e+10,441.387,0,0.00157668,3.7903e+09,1,2.5e+08,4.35228e+09
"Morton_Nonpart_AVX512_8/MTCount/262/10/1/100000000/100000000/10/iterations:5/manual_time",5,444.115,0.553931,ms,,,,,,9.82392e+07,3104.71,2.9607e+08,627747,1.84688e+08,2.62e+08,20.96,37594,1.7478e+10,444.115,0,0.00150168,3.80383e+09,1,2.62e+08,4.38059e+09
"Morton_Nonpart_AVX512_8/MTCount/275/10/1/100000000/100000000/10/iterations:5/manual_time",5,448.68,0.656926,ms,,,,,,9.83771e+07,2595.8,2.97744e+08,657597,1.84757e+08,2.75e+08,22,38350.6,1.76824e+10,448.68,0,0.00142747,3.82017e+09,1,2.75e+08,4.42769e+09
"Morton_Nonpart_AVX512_8/MTCount/287/10/1/100000000/100000000/10/iterations:5/manual_time",5,450.032,0.651019,ms,,,,,,9.84234e+07,2441.58,2.98535e+08,679099,1.85844e+08,2.87e+08,22.96,36020.9,1.7717e+10,450.032,0,0.00136588,3.81988e+09,1,2.87e+08,4.43667e+09
"Morton_Nonpart_AVX512_8/MTCount/300/10/1/100000000/100000000/10/iterations:5/manual_time",5,454.828,0.597555,ms,,,,,,9.8786e+07,2650.57,2.98967e+08,663165,1.86644e+08,3e+08,24,34885.4,1.78474e+10,454.828,0,0.00130817,3.81906e+09,1,3e+08,4.48051e+09
"Morton_Nonpart_AVX512_8/MTCount/312/10/1/100000000/100000000/10/iterations:5/manual_time",5,457.511,0.600444,ms,,,,,,9.90367e+07,2659.84,2.99518e+08,668220,1.8745e+08,3.12e+08,24.96,34164.6,1.78963e+10,457.511,0,0.0012598,3.81365e+09,1,3.12e+08,4.50378e+09
"Morton_Nonpart_AVX512_8/MTCount/325/10/1/100000000/100000000/10/iterations:5/manual_time",5,459.892,0.610539,ms,,,,,,9.91826e+07,2881.07,3.0012e+08,663773,1.88344e+08,3.25e+08,26,34566.5,1.79386e+10,459.892,0,0.00120729,3.80307e+09,1,3.25e+08,4.53245e+09
"Morton_Nonpart_AVX512_16/MTCount/100/10/1/100000000/100000000/10/iterations:5/manual_time",5,4.46e-05,0.0879946,ms,,,,,,nan,nan,nan,nan,nan,2e+08,16,nan,nan,nan,5,-1,nan,16,2e+08,nan
"Morton_Nonpart_AVX512_16/MTCount/106/10/1/100000000/100000000/10/iterations:5/manual_time",5,5.14e-05,0.0871334,ms,,,,,,nan,nan,nan,nan,nan,2.12e+08,16.96,nan,nan,nan,5,-1,nan,16,2.12e+08,nan
"Morton_Nonpart_AVX512_16/MTCount/112/10/1/100000000/100000000/10/iterations:5/manual_time",5,670.113,0.554103,ms,,,,,,1.5553e+08,5922.45,4.65977e+08,913296,2.84659e+08,2.24e+08,17.92,53714.3,2.65918e+10,670.113,0,3.38e-05,3.64806e+09,1,2.24e+08,6.65857e+09
"Morton_Nonpart_AVX512_16/MTCount/118/10/1/100000000/100000000/10/iterations:5/manual_time",5,622.992,0.588975,ms,,,,,,1.39162e+08,4146.27,4.14689e+08,851426,2.55468e+08,2.36e+08,18.88,46649.5,2.44618e+10,622.992,0,2.81889e-05,3.6183e+09,1,2.36e+08,6.18833e+09
"Morton_Nonpart_AVX512_16/MTCount/125/10/1/100000000/100000000/10/iterations:5/manual_time",5,582.97,0.49863,ms,,,,,,1.27074e+08,3579.87,3.79743e+08,799196,2.33466e+08,2.5e+08,20,43263.2,2.30597e+10,582.97,0,2.33222e-05,3.64437e+09,1,2.5e+08,5.79605e+09
"Morton_Nonpart_AVX512_16/MTCount/131/10/1/100000000/100000000/10/iterations:5/manual_time",5,557.113,0.541338,ms,,,,,,1.20463e+08,3217.1,3.5909e+08,763929,2.2261e+08,2.62e+08,20.96,41007.2,2.18305e+10,557.113,0,2.21444e-05,3.62013e+09,1,2.62e+08,5.53405e+09
"Morton_Nonpart_AVX512_16/MTCount/137/10/1/100000000/100000000/10/iterations:5/manual_time",5,536.305,0.578539,ms,,,,,,1.15383e+08,3677.82,3.44441e+08,711019,2.15276e+08,2.74e+08,21.92,44097.7,2.12374e+10,536.305,0,2.00778e-05,3.63038e+09,1,2.74e+08,5.32222e+09
"Morton_Nonpart_AVX512_16/MTCount/143/10/1/100000000/100000000/10/iterations:5/manual_time",5,521.111,0.578135,ms,,,,,,1.12718e+08,2887.43,3.366e+08,742715,2.08936e+08,2.86e+08,22.88,38409.5,2.0506e+10,521.111,0,1.80667e-05,3.64049e+09,1,2.86e+08,5.16465e+09
"Morton_Nonpart_AVX512_16/MTCount/150/10/1/100000000/100000000/10/iterations:5/manual_time",5,506.561,0.522965,ms,,,,,,1.09361e+08,2771.75,3.28107e+08,678661,2.05405e+08,3e+08,24,42768.2,2.00856e+10,506.561,0,1.68889e-05,3.64364e+09,1,3e+08,5.02962e+09
"Morton_Nonpart_AVX512_16/MTCount/156/10/1/100000000/100000000/10/iterations:5/manual_time",5,501.934,0.539176,ms,,,,,,1.08255e+08,3512.4,3.21563e+08,683994,2.02879e+08,3.12e+08,24.96,39832.5,1.96096e+10,501.934,0,1.61889e-05,3.60654e+09,1,3.12e+08,4.94818e+09
"Morton_Nonpart_AVX512_16/MTCount/162/10/1/100000000/100000000/10/iterations:5/manual_time",5,490.182,0.568817,ms,,,,,,1.07097e+08,4938.46,3.19772e+08,738469,2.00266e+08,3.24e+08,25.92,38612.7,1.92602e+10,490.182,0,1.49222e-05,3.63013e+09,1,3.24e+08,4.86696e+09
"Xor_Nonpart_Scalar_8/MTCount/100/10/1/100000000/100000000/10/iterations:5/manual_time",5,9.12e-05,0.11266,ms,,,,,,nan,nan,nan,nan,nan,1e+08,8.00001,nan,nan,nan,5,-1,nan,16,1e+08,nan
"Xor_Nonpart_Scalar_8/MTCount/112/10/1/100000000/100000000/10/iterations:5/manual_time",5,9.56e-05,0.133194,ms,,,,,,nan,nan,nan,nan,nan,1.12e+08,8.96001,nan,nan,nan,5,-1,nan,16,1.12e+08,nan
"Xor_Nonpart_Scalar_8/MTCount/125/10/1/100000000/100000000/10/iterations:5/manual_time",5,445.418,0.530834,ms,,,,,,2.83137e+08,3062.41,5.82324e+08,668194,2.63157e+08,1.25e+08,10,35535.3,1.76016e+10,445.418,0,0.00390394,3.80779e+09,0,1.25e+08,4.41034e+09
"Xor_Nonpart_Scalar_8/MTCount/137/10/1/100000000/100000000/10/iterations:5/manual_time",5,450.846,0.522315,ms,,,,,,2.85077e+08,3167.71,5.85951e+08,659410,2.66587e+08,1.37e+08,10.96,35719.4,1.78007e+10,450.846,0,0.00390676,3.81013e+09,0,1.37e+08,4.46148e+09
"Xor_Nonpart_Scalar_8/MTCount/150/10/1/100000000/100000000/10/iterations:5/manual_time",5,455.69,0.553311,ms,,,,,,2.8767e+08,3327.29,5.88364e+08,657034,2.70264e+08,1.5e+08,12,34764.9,1.79025e+10,455.69,0,0.00389774,3.80335e+09,0,1.5e+08,4.51463e+09
"Xor_Nonpart_Scalar_8/MTCount/162/10/1/100000000/100000000/10/iterations:5/manual_time",5,459.991,0.549613,ms,,,,,,2.88664e+08,3841.45,5.88797e+08,635153,2.74829e+08,1.62e+08,12.96,34191.5,1.79279e+10,459.991,0,0.00390568,3.77912e+09,0,1.62e+08,4.5529e+09
"Xor_Nonpart_Scalar_8/MTCount/175/10/1/100000000/100000000/10/iterations:5/manual_time",5,463.799,0.572208,ms,,,,,,2.89518e+08,3679.12,5.86107e+08,615163,2.7839e+08,1.75e+08,14,35961.5,1.81958e+10,463.799,0,0.00391173,3.74492e+09,0,1.75e+08,4.59894e+09
"Xor_Nonpart_Scalar_8/MTCount/187/10/1/100000000/100000000/10/iterations:5/manual_time",5,467,0.550989,ms,,,,,,2.89975e+08,3267.06,5.88482e+08,606392,2.81017e+08,1.87e+08,14.96,36749.3,1.83588e+10,467,0,0.0039067,3.76037e+09,0,1.87e+08,4.63074e+09
"Xor_Nonpart_Scalar_8/MTCount/200/10/1/100000000/100000000/10/iterations:5/manual_time",5,470.311,0.514598,ms,,,,,,2.89606e+08,3033.54,5.90273e+08,595531,2.8343e+08,2e+08,16,37708.9,1.8532e+10,470.311,0,0.00391083,3.7827e+09,0,2e+08,4.65862e+09
"Xor_Nonpart_Scalar_8/MTCount/212/10/1/100000000/100000000/10/iterations:5/manual_time",5,473.671,0.522774,ms,,,,,,2.88927e+08,2909.4,5.93201e+08,600537,2.85151e+08,2.12e+08,16.96,40317.9,1.86994e+10,473.671,0,0.00390582,3.79078e+09,0,2.12e+08,4.68968e+09
"Xor_Nonpart_Scalar_8/MTCount/225/10/1/100000000/100000000/10/iterations:5/manual_time",5,475.572,0.530157,ms,,,,,,2.89664e+08,3006.75,5.96098e+08,622238,2.86511e+08,2.25e+08,18,40851.7,1.88177e+10,475.572,0,0.00390027,3.80477e+09,0,2.25e+08,4.714e+09
"Xor_Nonpart_Scalar_8/MTCount/237/10/1/100000000/100000000/10/iterations:5/manual_time",5,477.312,0.478674,ms,,,,,,2.90088e+08,2528.8,5.96945e+08,602841,2.87454e+08,2.37e+08,18.96,38311.3,1.89065e+10,477.312,0,0.00389974,3.80811e+09,0,2.37e+08,4.73531e+09
"Xor_Nonpart_Scalar_8/MTCount/250/10/1/100000000/100000000/10/iterations:5/manual_time",5,480.246,0.536982,ms,,,,,,2.91065e+08,2791,5.98765e+08,600637,2.87528e+08,2.5e+08,20,39404.2,1.89761e+10,480.246,0,0.00391516,3.81067e+09,0,2.5e+08,4.75217e+09
"Xor_Nonpart_Scalar_8/MTCount/262/10/1/100000000/100000000/10/iterations:5/manual_time",5,481.731,0.522048,ms,,,,,,2.91927e+08,2337.57,5.99442e+08,623509,2.88475e+08,2.62e+08,20.96,37681.2,1.90712e+10,481.731,0,0.00389794,3.81007e+09,0,2.62e+08,4.77642e+09
"Xor_Nonpart_Scalar_8/MTCount/275/10/1/100000000/100000000/10/iterations:5/manual_time",5,483.62,0.522746,ms,,,,,,2.92606e+08,2604.2,6.00734e+08,613431,2.89715e+08,2.75e+08,22,37537.9,1.91072e+10,483.62,0,0.00389637,3.81102e+09,0,2.75e+08,4.78858e+09
"Xor_Nonpart_Scalar_8/MTCount/287/10/1/100000000/100000000/10/iterations:5/manual_time",5,486.015,0.572953,ms,,,,,,2.92959e+08,2764.82,6.00729e+08,643184,2.90763e+08,2.87e+08,22.96,37386.1,1.91623e+10,486.015,0,0.0039116,3.80902e+09,0,2.87e+08,4.80841e+09
"Xor_Nonpart_Scalar_8/MTCount/300/10/1/100000000/100000000/10/iterations:5/manual_time",5,487.246,0.561294,ms,,,,,,2.93672e+08,2573.36,6.01472e+08,621807,2.91701e+08,3e+08,24,36608.6,1.91927e+10,487.246,0,0.00389913,3.8086e+09,0,3e+08,4.82326e+09
"Xor_Nonpart_Scalar_8/MTCount/312/10/1/100000000/100000000/10/iterations:5/manual_time",5,489.63,0.548957,ms,,,,,,2.94101e+08,2751.55,6.01989e+08,614265,2.92411e+08,3.12e+08,24.96,36908,1.91994e+10,489.63,0,0.00389539,3.80071e+09,0,3.12e+08,4.83808e+09
"Xor_Nonpart_Scalar_8/MTCount/325/10/1/100000000/100000000/10/iterations:5/manual_time",5,490.652,0.528597,ms,,,,,,2.94489e+08,2760.23,6.02637e+08,639828,2.93374e+08,3.25e+08,26,36757.5,1.92405e+10,490.652,0,0.00390342,3.79613e+09,0,3.25e+08,4.85538e+09
"Xor_Nonpart_Scalar_16/MTCount/100/10/1/100000000/100000000/10/iterations:5/manual_time",5,5.62e-05,0.0977138,ms,,,,,,nan,nan,nan,nan,nan,2e+08,16,nan,nan,nan,5,-1,nan,16,2e+08,nan
"Xor_Nonpart_Scalar_16/MTCount/106/10/1/100000000/100000000/10/iterations:5/manual_time",5,9.84e-05,0.120433,ms,,,,,,nan,nan,nan,nan,nan,2.12e+08,16.96,nan,nan,nan,5,-1,nan,16,2.12e+08,nan
"Xor_Nonpart_Scalar_16/MTCount/112/10/1/100000000/100000000/10/iterations:5/manual_time",5,5.58e-05,0.0979196,ms,,,,,,nan,nan,nan,nan,nan,2.24e+08,17.92,nan,nan,nan,5,-1,nan,16,2.24e+08,nan
"Xor_Nonpart_Scalar_16/MTCount/118/10/1/100000000/100000000/10/iterations:5/manual_time",5,0.0001028,0.146413,ms,,,,,,nan,nan,nan,nan,nan,2.36e+08,18.88,nan,nan,nan,5,-1,nan,16,2.36e+08,nan
"Xor_Nonpart_Scalar_16/MTCount/125/10/1/100000000/100000000/10/iterations:5/manual_time",5,515.659,0.565731,ms,,,,,,2.9144e+08,3150,5.97942e+08,600251,2.88192e+08,2.5e+08,20,39501.8,1.97081e+10,515.659,0,1.52222e-05,4.11011e+09,0,2.5e+08,4.9379e+09
"Xor_Nonpart_Scalar_16/MTCount/131/10/1/100000000/100000000/10/iterations:5/manual_time",5,515.542,0.503343,ms,,,,,,2.92175e+08,3400.19,5.98306e+08,621502,2.8949e+08,2.62e+08,20.96,41026.1,1.99873e+10,515.542,0,1.43222e-05,4.10463e+09,0,2.62e+08,5.01422e+09
"Xor_Nonpart_Scalar_16/MTCount/137/10/1/100000000/100000000/10/iterations:5/manual_time",5,517.567,0.47936,ms,,,,,,2.92342e+08,3072.95,5.99839e+08,606753,2.90264e+08,2.74e+08,21.92,38994.5,1.99734e+10,517.567,0,1.50333e-05,4.10897e+09,0,2.74e+08,5.01115e+09
"Xor_Nonpart_Scalar_16/MTCount/143/10/1/100000000/100000000/10/iterations:5/manual_time",5,520,0.55173,ms,,,,,,2.92902e+08,3384.18,6.00658e+08,622849,2.91545e+08,2.86e+08,22.88,38883.9,2.00056e+10,520,0,1.50667e-05,4.10412e+09,0,2.86e+08,5.03616e+09
"Xor_Nonpart_Scalar_16/MTCount/150/10/1/100000000/100000000/10/iterations:5/manual_time",5,523.945,0.553013,ms,,,,,,2.93304e+08,3024.31,6.00716e+08,624980,2.92366e+08,3e+08,24,40014.7,1.99795e+10,523.945,0,1.57222e-05,4.09856e+09,0,3e+08,5.0311e+09
"Xor_Nonpart_Scalar_16/MTCount/156/10/1/100000000/100000000/10/iterations:5/manual_time",5,523.799,0.600491,ms,,,,,,2.9398e+08,3080.75,6.01105e+08,626569,2.93317e+08,3.12e+08,24.96,38390.9,2.01169e+10,523.799,0,1.52111e-05,4.09053e+09,0,3.12e+08,5.08225e+09
"Xor_Nonpart_Scalar_16/MTCount/162/10/1/100000000/100000000/10/iterations:5/manual_time",5,526.975,0.597158,ms,,,,,,2.94287e+08,3404.82,6.00314e+08,632559,2.94152e+08,3.24e+08,25.92,39737,2.01159e+10,526.975,0,1.54889e-05,4.07918e+09,0,3.24e+08,5.06985e+09
"Xor_Nonpart_AVX512_8/MTCount/100/10/1/100000000/100000000/10/iterations:5/manual_time",5,5.06e-05,0.10992,ms,,,,,,nan,nan,nan,nan,nan,1e+08,8.00001,nan,nan,nan,5,-1,nan,16,1e+08,nan
"Xor_Nonpart_AVX512_8/MTCount/112/10/1/100000000/100000000/10/iterations:5/manual_time",5,5.54e-05,0.099526,ms,,,,,,nan,nan,nan,nan,nan,1.12e+08,8.96001,nan,nan,nan,5,-1,nan,16,1.12e+08,nan
"Xor_Nonpart_AVX512_8/MTCount/125/10/1/100000000/100000000/10/iterations:5/manual_time",5,390.474,0.507244,ms,,,,,,2.85128e+08,3695.05,5.83291e+08,613878,2.60988e+08,1.25e+08,10,28699.7,1.53798e+10,390.474,0,0.00390394,7.07402e+08,0,1.25e+08,3.87062e+09
"Xor_Nonpart_AVX512_8/MTCount/137/10/1/100000000/100000000/10/iterations:5/manual_time",5,396.204,0.486622,ms,,,,,,2.86479e+08,3924.61,5.84853e+08,573757,2.66795e+08,1.37e+08,10.96,28815.7,1.54725e+10,396.204,0,0.00390676,7.01325e+08,0,1.37e+08,3.93592e+09
"Xor_Nonpart_AVX512_8/MTCount/150/10/1/100000000/100000000/10/iterations:5/manual_time",5,402.042,0.459127,ms,,,,,,2.87537e+08,4014.5,5.81185e+08,559459,2.72613e+08,1.5e+08,12,32165.1,1.57922e+10,402.042,0,0.00389774,6.94033e+08,0,1.5e+08,3.99433e+09
"Xor_Nonpart_AVX512_8/MTCount/162/10/1/100000000/100000000/10/iterations:5/manual_time",5,406.71,0.547901,ms,,,,,,2.86574e+08,3508.76,5.85953e+08,540479,2.75888e+08,1.62e+08,12.96,33459.6,1.61072e+10,406.71,0,0.00390568,7.04858e+08,0,1.62e+08,4.03899e+09
"Xor_Nonpart_AVX512_8/MTCount/175/10/1/100000000/100000000/10/iterations:5/manual_time",5,411.004,0.476737,ms,,,,,,2.86108e+08,3465.31,5.90982e+08,553686,2.78381e+08,1.75e+08,14,34180.3,1.62957e+10,411.004,0,0.00391173,7.08029e+08,0,1.75e+08,4.08195e+09
"Xor_Nonpart_AVX512_8/MTCount/187/10/1/100000000/100000000/10/iterations:5/manual_time",5,415.107,0.508357,ms,,,,,,2.88534e+08,4063.55,5.93442e+08,594452,2.78649e+08,1.87e+08,14.96,33165.6,1.64516e+10,415.107,0,0.0039067,7.08106e+08,0,1.87e+08,4.12093e+09
"Xor_Nonpart_AVX512_8/MTCount/200/10/1/100000000/100000000/10/iterations:5/manual_time",5,417.747,0.498634,ms,,,,,,2.90163e+08,3794.76,5.94275e+08,573589,2.79918e+08,2e+08,16,31498.8,1.65667e+10,417.747,0,0.00391083,7.07971e+08,0,2e+08,4.15022e+09
"Xor_Nonpart_AVX512_8/MTCount/212/10/1/100000000/100000000/10/iterations:5/manual_time",5,420.944,0.559362,ms,,,,,,2.91316e+08,3619.74,5.95851e+08,563187,2.81953e+08,2.12e+08,16.96,30839,1.66315e+10,420.944,0,0.00390582,7.07873e+08,0,2.12e+08,4.17401e+09
"Xor_Nonpart_AVX512_8/MTCount/225/10/1/100000000/100000000/10/iterations:5/manual_time",5,422.926,0.48753,ms,,,,,,2.91841e+08,4011.85,5.96438e+08,574016,2.84929e+08,2.25e+08,18,31584.6,1.66851e+10,422.926,0,0.00390027,7.07098e+08,0,2.25e+08,4.20263e+09
"Xor_Nonpart_AVX512_8/MTCount/237/10/1/100000000/100000000/10/iterations:5/manual_time",5,425.515,0.561228,ms,,,,,,2.92335e+08,3565.28,5.97299e+08,558911,2.86421e+08,2.37e+08,18.96,30852.6,1.67056e+10,425.515,0,0.00389974,7.05576e+08,0,2.37e+08,4.22087e+09
"Xor_Nonpart_AVX512_8/MTCount/250/10/1/100000000/100000000/10/iterations:5/manual_time",5,426.747,0.533153,ms,,,,,,2.92753e+08,3629.49,5.97711e+08,547080,2.88171e+08,2.5e+08,20,30513.3,1.67021e+10,426.747,0,0.00391516,7.02527e+08,0,2.5e+08,4.24074e+09
"Xor_Nonpart_AVX512_8/MTCount/262/10/1/100000000/100000000/10/iterations:5/manual_time",5,429.372,0.573452,ms,,,,,,2.93124e+08,3951.48,5.97305e+08,553026,2.90049e+08,2.62e+08,20.96,30887.6,1.67344e+10,429.372,0,0.00389794,6.99816e+08,0,2.62e+08,4.25729e+09
"Xor_Nonpart_AVX512_8/MTCount/275/10/1/100000000/100000000/10/iterations:5/manual_time",5,431.341,0.608845,ms,,,,,,2.93448e+08,3926.52,5.95698e+08,561384,2.9145e+08,2.75e+08,22,31883.6,1.68219e+10,431.341,0,0.00389637,6.97111e+08,0,2.75e+08,4.27576e+09
"Xor_Nonpart_AVX512_8/MTCount/287/10/1/100000000/100000000/10/iterations:5/manual_time",5,432.021,0.5144,ms,,,,,,2.93777e+08,3657.98,5.96558e+08,524067,2.9257e+08,2.87e+08,22.96,32036.7,1.68501e+10,432.021,0,0.0039116,6.97446e+08,0,2.87e+08,4.28777e+09
"Xor_Nonpart_AVX512_8/MTCount/300/10/1/100000000/100000000/10/iterations:5/manual_time",5,434.245,0.568749,ms,,,,,,2.93961e+08,3704.11,5.95472e+08,529986,2.93895e+08,3e+08,24,34210.5,1.69844e+10,434.245,0,0.00389913,6.96134e+08,0,3e+08,4.3031e+09
"Xor_Nonpart_AVX512_8/MTCount/312/10/1/100000000/100000000/10/iterations:5/manual_time",5,435.079,0.534422,ms,,,,,,2.94066e+08,3774.74,5.94614e+08,512061,2.94841e+08,3.12e+08,24.96,34553.5,1.70926e+10,435.079,0,0.00389539,6.95395e+08,0,3.12e+08,4.3133e+09
"Xor_Nonpart_AVX512_8/MTCount/325/10/1/100000000/100000000/10/iterations:5/manual_time",5,435.274,0.47084,ms,,,,,,2.94087e+08,3714.93,5.96144e+08,512799,2.95595e+08,3.25e+08,26,35321.9,1.72031e+10,435.274,0,0.00390342,6.98605e+08,0,3.25e+08,4.32859e+09
"Xor_Nonpart_AVX512_16/MTCount/100/10/1/100000000/100000000/10/iterations:5/manual_time",5,4.96e-05,0.11129,ms,,,,,,nan,nan,nan,nan,nan,2e+08,16,nan,nan,nan,5,-1,nan,16,2e+08,nan
"Xor_Nonpart_AVX512_16/MTCount/106/10/1/100000000/100000000/10/iterations:5/manual_time",5,0.000104,0.151389,ms,,,,,,nan,nan,nan,nan,nan,2.12e+08,16.96,nan,nan,nan,5,-1,nan,16,2.12e+08,nan
"Xor_Nonpart_AVX512_16/MTCount/112/10/1/100000000/100000000/10/iterations:5/manual_time",5,0.0001092,0.148473,ms,,,,,,nan,nan,nan,nan,nan,2.24e+08,17.92,nan,nan,nan,5,-1,nan,16,2.24e+08,nan
"Xor_Nonpart_AVX512_16/MTCount/118/10/1/100000000/100000000/10/iterations:5/manual_time",5,5.64e-05,0.0993868,ms,,,,,,nan,nan,nan,nan,nan,2.36e+08,18.88,nan,nan,nan,5,-1,nan,16,2.36e+08,nan
"Xor_Nonpart_AVX512_16/MTCount/125/10/1/100000000/100000000/10/iterations:5/manual_time",5,427.191,0.495089,ms,,,,,,2.92768e+08,4054.69,5.97993e+08,567810,2.88093e+08,2.5e+08,20,32633.2,1.66944e+10,427.191,0,1.52222e-05,7.02576e+08,0,2.5e+08,4.23912e+09
"Xor_Nonpart_AVX512_16/MTCount/131/10/1/100000000/100000000/10/iterations:5/manual_time",5,428.606,0.486787,ms,,,,,,2.93136e+08,3802.04,5.98043e+08,560672,2.89608e+08,2.62e+08,20.96,31783,1.67381e+10,428.606,0,1.43222e-05,7.00884e+08,0,2.62e+08,4.25773e+09
"Xor_Nonpart_AVX512_16/MTCount/137/10/1/100000000/100000000/10/iterations:5/manual_time",5,430.625,0.494285,ms,,,,,,2.9345e+08,3368.19,5.96789e+08,534426,2.91466e+08,2.74e+08,21.92,31875.2,1.67691e+10,430.625,0,1.50333e-05,6.97533e+08,0,2.74e+08,4.27123e+09
"Xor_Nonpart_AVX512_16/MTCount/143/10/1/100000000/100000000/10/iterations:5/manual_time",5,477.982,0.601258,ms,,,,,,2.9383e+08,4266.09,5.95469e+08,602027,2.94123e+08,2.86e+08,22.88,39133.1,1.71279e+10,477.982,0,1.50667e-05,6.95394e+08,0,2.86e+08,4.33281e+09
"Xor_Nonpart_AVX512_16/MTCount/150/10/1/100000000/100000000/10/iterations:5/manual_time",5,706.849,0.687097,ms,,,,,,2.94404e+08,1923.92,5.99939e+08,488214,3.01307e+08,3e+08,24,39400.8,1.85559e+10,706.849,0,1.57222e-05,7.01029e+08,0,3e+08,4.68085e+09
"Xor_Nonpart_AVX512_16/MTCount/156/10/1/100000000/100000000/10/iterations:5/manual_time",5,979.619,0.690284,ms,,,,,,2.9445e+08,1284.98,6.02466e+08,500527,3.06861e+08,3.12e+08,24.96,59127.5,1.69168e+10,979.619,0,1.52111e-05,7.02597e+08,0,3.12e+08,4.2885e+09
"Xor_Nonpart_AVX512_16/MTCount/162/10/1/100000000/100000000/10/iterations:5/manual_time",5,1085.1,0.638509,ms,,,,,,2.93908e+08,1417.95,6.04178e+08,520969,3.07676e+08,3.24e+08,25.92,50093.9,1.77201e+10,1085.1,0,1.54889e-05,7.06606e+08,0,3.24e+08,4.4598e+09
